tree
version=v4
num_class=1
num_tree_per_iteration=1
label_index=0
max_feature_idx=2
objective=binary sigmoid:1
feature_names=raw gap rank
monotone_constraints=1 1 -1
feature_infos=[-8.2813836687818796:4.748679868630048] [-11.864466948071705:0] [1:342]
tree_sizes=1717 1767 1758 1761 1761 1770 1784 1783 1786 1790 1777 1780 1787 1792 1778 1779 1784 1786 1790 1784 1791 1789 1784 1792 1796 1803 1787 1783 1792 1795 1790 1794 1790 1804 1807 1794 1798 1803 1794 1792 1786 1794 1797 1795 1800 1803 1795 1799 1797 1807 1797 1803 1792 1805 1801 1792 1801 1806 1802 1810 1799 1801 1803 1805 1806 1811 1802 1800 1811 1806 1808 1810 1812 1810 1809 1814 1811 1816 1813 1816 1812 1814 1813 1810 1815 1815 1818 1820 1815 1817 1820 1822 1816 1824 1826 1818 1824 1826 1825 1820 1829 1822 1825 1817 1824 1832 1832 1834 1817 1833 1825 1836 1816 1833 1814 1838 1824 1825 1840 1810 1843 1828 1841 1820 1824 1838 1822 1842 1830 1833 1851 1823 1836 1852 1839 1850 1837 1851 1842 1851 1840 1849 1854 1829 1855 1840 1864 1829 1847 1864

Tree=0
num_leaves=15
num_cat=0
split_feature=2 0 2 1 2 0 0 0 0 2 0 2 2 1
split_gain=72125 11709.7 8091.38 3009.64 2854.36 1501.23 1054.6 693.549 585.134 524.638 462.25 437.851 299.52 236.666
threshold=6.5000000000000009 1.2018794546866181 18.500000000000004 -0.17009775752386244 3.5000000000000004 -0.89050600004693381 -2.1327585912402043 2.5768375980186855 0.49732783639556949 3.5000000000000004 0.22955174432136816 9.5000000000000018 30.500000000000004 -1.0000000180025095e-35
decision_type=2 2 2 2 2 2 2 2 2 2 2 2 2 2
left_child=1 4 5 9 8 -2 -4 -5 13 -3 -6 -7 -8 -1
right_child=2 3 6 7 10 11 12 -9 -10 -11 -12 -13 -14 -15
leaf_value=-3.1481576590225515 -3.3983320772701822 -2.9164635444163824 -3.4581987569151353 -2.7845637904245346 -3.2630721656783037 -3.2913032949391168 -3.4138962389173542 -2.5695721169223691 -3.0266221626816447 -3.0266221626816447 -3.181813568509344 -3.3480872224501916 -3.442298009986458 -3.0743775092291745
leaf_weight=231.27718861028552 1620.6994341965765 141.71668669581413 13699.084256825969 149.95674665831029 442.74119933322072 506.93342675641179 1848.7361497879028 50.02673108316958 156.03649127483368 124.49588722363114 220.62992011941969 1027.723733374849 1864.4138668701053 61.322094177827239
leaf_count=7494 52515 4592 443887 4859 14346 16426 59904 1621 5056 4034 7149 33301 60412 1987
internal_value=-3.41345 -3.0877 -3.43844 -2.87736 -3.17589 -3.36477 -3.45179 -2.73078 -3.07848 -2.98747 -3.24176 -3.32933 -3.42816 -3.12213
internal_weight=22145.8 1578.2 20567.6 466.196 1112.01 3155.36 17412.2 199.983 448.636 266.213 663.371 1534.66 3713.15 292.599
internal_count=717583 51138 666445 15106 36032 102242 564203 6480 14537 8626 21495 49727 120316 9481
is_linear=0
shrinkage=1


Tree=1
num_leaves=15
num_cat=0
split_feature=2 2 2 0 0 0 0 2 1 1 1 2 0 2
split_gain=48130.4 6031.58 4636.35 1246.69 1069.08 869.002 698.393 341.699 302.723 244.982 180.059 177.259 157.441 149.544
threshold=7.5000000000000009 21.500000000000004 3.5000000000000004 -1.1023362226966222 0.75043248030336052 0.22955174432136816 -2.2072288143437651 13.500000000000002 -1.0000000180025095e-35 -1.0000000180025095e-35 -2.3145943117232681 30.500000000000004 -0.29078201138852494 5.5000000000000009
decision_type=2 2 2 2 2 2 2 2 2 2 2 2 2 2
left_child=2 3 4 10 9 -4 -3 12 -6 -1 -2 -8 -5 -7
right_child=1 6 5 7 8 13 11 -9 -10 -11 -12 -13 -14 -15
leaf_value=0.21038637984220468 -0.0045192322655333243 -0.044913313256017502 0.1047282148857045 0.056700376773003505 0.28735951635469542 0.21036449964241216 -0.0053672123549589864 0.035675355133474786 0.351684808923382 0.26791957269198335 0.025044829695486322 -0.028819989030830325 0.091397031511764926 0.15709453182628483
leaf_weight=351.79069977998734 1266.9754885323346 12693.273346440867 702.08850063756108 476.60408606007695 403.70642731711268 325.40819778293371 1367.8845456521958 891.42037764936686 334.41215605661273 107.40627501159906 582.73465586826205 1960.2514591794461 578.14124499633908 221.37587418034673
leaf_count=8764 40958 428921 20179 14495 8282 8016 44410 27853 6003 2520 18715 65331 17239 5897
internal_value=-0.000312276 -0.0261412 0.208935 0.0305294 0.279237 0.141535 -0.0395679 0.0584648 0.316503 0.219336 0.00113726 -0.0191808 0.0777254 0.188797
internal_weight=22263.5 19817.3 2446.19 3795.88 1197.32 1248.87 16021.4 1946.17 738.119 459.197 1849.71 3328.14 1054.75 546.784
internal_count=717583 657922 59661 119260 25569 34092 538662 59587 14285 11284 59673 109741 31734 13913
is_linear=0
shrinkage=0.05


Tree=2
num_leaves=15
num_cat=0
split_feature=2 2 2 0 0 1 1 2 2 0 0 1 0 1
split_gain=36822 4696.07 2970.79 1053.72 928.237 544.794 403.943 343.832 213.834 190.397 187.51 158.297 128.242 77.3788
threshold=8.5000000000000018 23.500000000000004 4.5000000000000009 -1.1023362226966222 1.5109616724668951 -4.1712261346290065 -2.090269853623123 2.5000000000000004 14.500000000000002 -0.20265637906131953 -1.5285520000470518 -2.3145943117232681 0.22955174432136816 -2.6535170821425385
decision_type=2 2 2 2 2 2 2 2 2 2 2 2 2 2
left_child=2 3 4 11 7 -3 -4 12 13 -8 -7 -2 -1 -5
right_child=1 5 6 8 -6 10 9 -9 -10 -11 -12 -13 -14 -15
leaf_value=0.1720916343366275 -0.0099382949774401656 -0.046388102404070847 0.063891917929204303 0.045381888410926177 0.24159755199034327 -0.031995162321467284 0.089182848599183503 0.14642463222679342 0.028920415640494846 0.13210287068203516 -0.0099382949774401656 0.017915365767956538 0.20525358683028086 0.063891917929204303
leaf_weight=204.62325875088573 1533.9239535629749 10408.191708609462 341.43550769984722 228.1217833198607 683.70275688916445 3243.4289794657379 397.66280621662736 666.39284003153443 924.77377489209175 607.36032586172223 1277.8171789497137 602.64745607227087 357.21442932635546 828.68907077237964
leaf_count=4097 50267 366024 9166 6592 9780 112862 10723 14169 28378 14203 42759 19025 6046 23492
internal_value=-0.000483691 -0.0270539 0.154838 0.0202164 0.194903 -0.040093 0.0979466 0.16891 0.0464788 0.114474 -0.0256011 -0.00414095 0.197759 0.0618434
internal_weight=22306 19047.6 3258.39 4118.16 1911.93 14929.4 1346.46 1228.23 1981.58 1005.02 4521.25 2136.57 561.838 1056.81
internal_count=717583 649399 68184 127754 34092 521645 34092 24312 58462 24926 155621 69292 10143 30084
is_linear=0
shrinkage=0.05


Tree=3
num_leaves=15
num_cat=0
split_feature=2 2 2 0 0 0 1 1 1 2 2 1 1 2
split_gain=29884.5 3248.65 2858 729.449 522.676 519.853 377.061 177.769 155.228 116.386 115.267 111.928 100.933 97.3504
threshold=10.500000000000002 26.500000000000004 4.5000000000000009 -1.1023362226966222 0.84839746323821941 -0.20265637906131953 -4.1712261346290065 -3.317218312078221 -1.0000000180025095e-35 40.500000000000007 16.500000000000004 -2.090269853623123 -2.1903721044654012 2.5000000000000004
decision_type=2 2 2 2 2 2 2 2 2 2 2 2 2 2
left_child=2 3 4 7 8 11 -3 -2 -1 -8 -5 -4 -7 -6
right_child=1 6 5 10 13 12 9 -9 -10 -11 -12 -13 -14 -15
leaf_value=0.11804125301263957 -0.01618407399349912 -0.046229440653724065 0.043985674470185136 0.043985674470185136 0.18638318150768018 0.075551859117662157 -0.020152975302261362 0.0037565091803487788 0.15270981067131364 -0.036971907030804434 0.019334744559268147 0.067074671829406851 0.10733266473451522 0.15679942530148561
leaf_weight=801.18730487301946 1046.2388747502118 9816.1535145118833 459.64486474171281 969.44961465522647 875.88921112567186 139.98516642674804 2185.8811499681324 1447.7360983695835 173.90945114195347 1633.9777686242014 865.27375692874193 612.89286573976278 876.33792885020375 407.43530252575874
leaf_count=15138 35422 360727 12738 26933 10229 3418 76765 47194 2703 58638 26675 15899 19082 6022
internal_value=-0.000597369 -0.0290631 0.117034 0.00867466 0.156024 0.0748803 -0.0410428 -0.00893001 0.128429 -0.0277144 0.032605 0.0505994 0.100504 0.176991
internal_weight=22312 17964.7 4347.28 4328.7 2258.42 2088.86 13636 2493.97 975.097 3819.86 1834.72 1072.54 1016.32 1283.32
internal_count=717583 632354 85229 136224 34092 51137 496130 82616 17841 135403 53608 28637 22500 16251
is_linear=0
shrinkage=0.05


Tree=4
num_leaves=15
num_cat=0
split_feature=2 2 2 0 1 0 1 0 1 2 0 2 2 0
split_gain=24924.4 3107.24 1975.93 677.901 399.394 351.673 331.41 190.57 187.34 151.396 104.799 99.9626 76.7941 53.6551
threshold=10.500000000000002 27.500000000000004 4.5000000000000009 -1.0726682584797402 -2.2849012842882677 1.5109616724668951 -4.1712261346290065 -0.2482134264219146 -3.317218312078221 2.5000000000000004 -1.5819498194939212 18.500000000000004 19.500000000000004 0.22955174432136816
decision_type=2 2 2 2 2 2 2 2 2 2 2 2 2 2
left_child=2 3 5 8 -4 9 -3 -6 -2 13 -8 -5 -10 -1
right_child=1 6 4 11 7 -7 10 -9 12 -11 -12 -13 -14 -15
leaf_value=0.11661915817271891 -0.017124691176107865 -0.045969945887780611 0.035826548602026789 0.035826548602026789 0.05768832497051956 0.15396157289597634 -0.033292451606888832 0.091472224318200498 0.010252506619495901 0.10123700857078899 -0.017124691176107865 0.013968485583751475 -0.0070428088349548217 0.13484156609991546
leaf_weight=267.0819162838161 1148.2747904341668 9343.0650540348142 518.87967298552394 1225.6302463486791 706.81704530864954 961.32296223193407 2602.1385938450694 1019.5067927576602 848.68781290948391 849.38201051577926 934.36496379971504 670.59532760828733 720.36378611437976 488.63718128949404
leaf_count=4097 39669 358712 13421 33079 17386 9780 96226 20330 26722 14169 32689 20897 24360 6046
internal_value=-0.000703029 -0.0284232 0.100076 0.00678605 0.0658196 0.130045 -0.0410354 0.0776399 -0.00922462 0.115722 -0.027999 0.0297296 0.00303907 0.132001
internal_weight=22304.7 17493.1 4811.63 4613.55 2245.2 2566.42 12879.6 1726.32 2717.33 1605.1 3536.5 1896.23 1569.05 755.719
internal_count=717583 632354 85229 144727 51137 34092 487627 37716 90751 24312 128915 53976 51082 10143
is_linear=0
shrinkage=0.05


Tree=5
num_leaves=15
num_cat=0
split_feature=2 2 0 2 0 0 1 1 2 0 1 2 2 1
split_gain=21512.6 2657.92 1707.99 400.336 398.99 374.05 237.391 143.24 112.507 109.578 67.6853 66.4122 52.541 49.0454
threshold=14.500000000000002 5.5000000000000009 -2.0588203998521566 26.500000000000004 -0.29078201138852494 0.66398116559533416 -4.1486439696882043 -2.090269853623123 3.5000000000000004 -0.7627742582158481 -1.0000000180025095e-35 40.500000000000007 38.500000000000007 -1.4937338081304106
decision_type=2 2 2 2 2 2 2 2 2 2 2 2 2 2
left_child=1 5 6 9 7 8 -2 -3 -1 -4 -7 -8 -5 -6
right_child=2 4 3 12 13 10 11 -9 -10 -11 -12 -13 -14 -15
leaf_value=0.10040764962188571 -0.04591368308991129 0.021983533376823756 0.0014187915544278801 -0.011984955797217374 0.056279692554043984 0.11425341565452399 -0.023209585354939066 0.044615226688732024 0.075247370402928213 0.021983533376823756 0.1335430640760927 -0.037552410532961253 -0.023209585354939066 0.075247370402928213
leaf_weight=754.22019896656275 8901.7068024780601 989.81943591497838 1316.3301667869091 1141.7285725902766 806.81038455292583 1234.4896109700203 1706.35976402089 823.83519364520907 609.67221268266439 825.02953942492604 719.99802098423243 1080.2689568717033 838.41074810735881 519.26771740987897
leaf_count=10662 356151 27842 41970 40796 17836 14360 62149 20838 11410 23789 6183 41889 31528 10180
internal_value=-0.000758109 0.076135 -0.032168 -0.00449233 0.0431585 0.107336 -0.0419268 0.0279176 0.0872407 0.0104927 0.121359 -0.0291911 -0.0206974 0.0640033
internal_weight=22267.9 6458.11 15809.8 4121.5 3139.73 3318.38 11688.3 1813.65 1363.89 2141.36 1954.49 2786.63 1980.14 1326.08
internal_count=717583 119311 598272 138083 76696 42615 460189 48680 22072 65759 20543 104038 72324 28016
is_linear=0
shrinkage=0.05


Tree=6
num_leaves=15
num_cat=0
split_feature=2 2 0 2 0 0 1 2 0 1 2 2 2 0
split_gain=18692.9 2031.23 1662.77 391.192 366.099 273.217 217.328 120.845 101.046 89.1119 78.5114 63.9501 52.8166 38.1285
threshold=14.500000000000002 6.5000000000000009 -2.1327585912402043 26.500000000000004 0.66398116559533416 -0.37326600680809663 -4.1486439696882043 3.5000000000000004 -0.98227812536635728 -1.9149048713985308 2.5000000000000004 40.500000000000007 38.500000000000007 -4.4439091154851926
decision_type=2 2 2 2 2 2 2 2 2 2 2 2 2 2
left_child=1 4 6 8 7 9 13 -1 -4 -3 -6 -8 -5 -2
right_child=2 5 3 12 10 -7 11 -9 -10 -11 -12 -13 -14 -15
leaf_value=0.087487857941857705 -0.048861225905559164 0.018032551610802409 -0.0010278306462073446 -0.01238183952755518 0.11131819400272738 0.052878991179625925 -0.023520422280468203 0.062442083094170181 0.018032551610802409 0.037092028234435248 0.092518141571375057 -0.037419774185574316 -0.023520422280468203 -0.042131653924184366
leaf_weight=820.4409042969346 4493.7934607323259 1030.0366225764155 1151.7004988789558 1193.6119905300438 1320.7259372770786 1196.607558593154 1564.0977800134569 987.73053632304072 1070.1639817096293 572.99104985594749 958.25999652594328 1015.9693952724338 894.31770986504853 3959.2768698837608
leaf_count=10662 188393 28608 37379 43247 11059 25226 58434 17896 30463 14339 11521 40854 34485 165017
internal_value=-0.000826553 0.0676099 -0.0315448 -0.00520856 0.0900839 0.0348003 -0.0418323 0.0732839 0.00939423 0.0213051 0.103413 -0.0291303 -0.0207481 -0.0457092
internal_weight=22229.7 6886.79 15342.9 4309.79 4087.16 2799.64 11033.1 1808.17 2221.86 1603.03 2278.99 2580.07 2087.93 8453.07
internal_count=717583 119311 598272 145574 51138 68173 452698 28558 67842 42947 22580 99288 77732 353410
is_linear=0
shrinkage=0.05


Tree=7
num_leaves=15
num_cat=0
split_feature=2 2 0 1 2 0 1 0 0 2 2 2 0 2
split_gain=16473.9 1976.27 1247.59 299.866 285.311 282.56 182.019 126.999 93.0709 92.6391 62.5469 46.6453 35.6922 29.9211
threshold=16.500000000000004 6.5000000000000009 -2.2072288143437651 -2.7058955691944813 30.500000000000004 0.66398116559533416 -4.1486439696882043 -0.29078201138852494 -1.0726682584797402 3.5000000000000004 2.5000000000000004 40.500000000000007 -4.4439091154851926 38.500000000000007
decision_type=2 2 2 2 2 2 2 2 2 2 2 2 2 2
left_child=1 5 6 -3 8 9 12 -5 -4 -1 -7 -8 -2 -6
right_child=2 3 4 7 13 10 11 -9 -10 -11 -12 -13 -14 -15
leaf_value=0.077184221579444351 -0.048696472660301443 0.012234277801000303 -0.007092671313441515 0.028085008759105381 -0.015406844745564164 0.097606603693659602 -0.025588992333460792 0.050366403982838794 0.012234277801000303 0.055169822875058873 0.081450181366212238 -0.037610513543783267 -0.041999610828285093 -0.025588992333460792
leaf_weight=881.74536517262459 4285.2818913161755 897.98502598702908 1253.3092815186828 1405.7116598859429 730.63741149939597 1427.9095003306866 1350.6099450457841 1173.3105936124921 1075.6312965583056 1043.3477959930897 1031.9760474674404 951.99164957553148 3713.9982501100749 952.78314071148634
leaf_count=10662 188239 25400 42480 36030 27561 11059 52099 23779 32053 17896 11521 39684 161350 37770
internal_value=-0.000871295 0.0572778 -0.0328092 0.0291259 -0.00915658 0.0796004 -0.0420214 0.0382218 0.00217907 0.065253 0.0908286 -0.0296339 -0.0455872 -0.024839
internal_weight=22176.2 7861.99 14314.2 3477.01 4012.36 4384.98 10301.9 2579.02 2328.94 1925.09 2459.89 2302.6 7999.28 1683.42
internal_count=717583 136347 581236 85209 139864 51138 441372 59809 74533 28558 22580 91783 349589 65331
is_linear=0
shrinkage=0.05


Tree=8
num_leaves=15
num_cat=0
split_feature=2 2 1 2 1 1 1 0 0 0 0 0 1 0
split_gain=14590.3 1589.6 1222.31 271.094 269.407 234.775 161.884 159.194 105.219 83.5085 58.235 58.0771 36.9406 36.1336
threshold=16.500000000000004 6.5000000000000009 -3.6720082684877275 28.500000000000004 -2.7058955691944813 -1.0000000180025095e-35 -4.6463958017008915 0.66398116559533416 -0.054982390175775588 -1.5559938852025914 -2.2072288143437651 -1.4986774466797663 -2.2849012842882677 -2.0588203998521566
decision_type=2 2 2 2 2 2 2 2 2 2 2 2 2 2
left_child=1 5 6 9 -3 7 -2 12 13 -4 -8 -5 -1 -6
right_child=2 4 3 11 8 -7 10 -9 -10 -11 -12 -13 -14 -15
leaf_value=0.048905425847432883 -0.045891351656463367 0.0098099958753549016 -0.0093303170538025348 -0.02552559276887011 0.022427341843976895 0.090765433091534287 -0.037291476900041858 0.07556744103570219 0.047990627254789475 0.0098099958753549016 -0.02552559276887011 -0.010451957560306422 0.058455876210183201 0.032090601451016776
leaf_weight=217.05683257803321 6958.1514985207468 908.19836075045168 899.01200054585934 1309.6666081864387 262.58037023246288 1141.5033403038979 1829.4783367533237 1715.7559455931187 988.4004031047225 1337.8079118635505 995.67536595277488 548.73917783610523 1584.0989206619561 1418.5563271827996
leaf_count=3655 316619 25400 32255 53778 7207 8523 79993 16397 18973 40331 37862 20398 22563 33629
internal_value=-0.000906667 0.0518128 -0.0321928 -0.00925813 0.0267478 0.071063 -0.0417931 0.0646681 0.0350447 0.00246777 -0.0316993 -0.0233717 0.0542856 0.0274333
internal_weight=22114.7 8236.15 13878.5 4095.23 3577.74 4658.42 9783.31 3516.91 2669.54 2236.82 2825.15 1858.41 1801.16 1681.14
internal_count=717583 136347 581236 146762 85209 51138 434474 42615 59809 72586 117855 74176 26218 40836
is_linear=0
shrinkage=0.05


Tree=9
num_leaves=15
num_cat=0
split_feature=2 2 0 0 0 2 1 1 1 0 1 1 2 0
split_gain=12981.7 1571.8 945.556 308.869 198.991 186.844 160.882 98.6863 86.8764 52.2037 50.2709 43.1612 37.7953 37.6349
threshold=18.500000000000004 6.5000000000000009 -2.2072288143437651 -1.1023362226966222 1.5109616724668951 30.500000000000004 -4.1486439696882043 -2.2849012842882677 -2.7828417718017664 -1.2153364367446482 -1.0000000180025095e-35 -1.987676688329812 39.500000000000007 -4.4439091154851926
decision_type=2 2 2 2 2 2 2 2 2 2 2 2 2 2
left_child=1 4 6 11 7 9 13 -1 -5 -4 -9 -3 -7 -2
right_child=2 3 5 8 -6 12 -8 10 -10 -11 -12 -13 -14 -15
leaf_value=0.043051555775293793 -0.048376138021655933 0.0056594967352727073 -0.0090958094515618086 0.019081303691097007 0.078627182136992657 -0.014573873034998523 -0.029290985933604644 0.056859564883378448 0.036715391980492673 0.0056594967352727073 0.067807996651220753 0.019081303691097007 -0.026318664101683993 -0.041181528567587396
leaf_weight=246.90446033328772 3911.8339354749769 1092.7823666203767 922.74245125427842 435.67806882038713 1553.3490037843585 770.90262448601425 2086.4285284038633 2614.0376494303346 2260.2414047606289 968.73886570706964 501.3318197876215 450.13488999381661 841.26615863665938 3395.3780779018998
leaf_count=3890 188051 33487 32279 10697 11130 30198 88494 31941 46469 29721 4177 11589 35133 160327
internal_value=-0.000947722 0.0445874 -0.0332685 0.0222765 0.0638266 -0.0111007 -0.0415366 0.0569888 0.0325031 -0.000440821 0.0600467 0.0056595 -0.0236075 -0.0450331
internal_weight=22051.8 9154.46 12897.3 4238.84 4915.62 3503.65 9393.64 3362.27 2695.92 1891.48 3115.37 1542.92 1612.17 7307.21
internal_count=717583 153380 564203 102242 51138 127331 436872 40008 57166 62000 36118 45076 65331 348378
is_linear=0
shrinkage=0.05


Tree=10
num_leaves=15
num_cat=0
split_feature=2 2 1 0 1 2 0 2 1 0 2 0 0 2
split_gain=11627.3 1305.6 929.714 285.232 272.687 177.039 106.168 88.0818 78.0099 61.7174 55.8987 43.6328 38.2539 35.174
threshold=18.500000000000004 6.5000000000000009 -4.1712261346290065 -1.5285520000470518 -2.7828417718017664 2.5000000000000004 -1.1023362226966222 29.500000000000004 -2.090269853623123 -3.2974674905993635 38.500000000000007 0.22955174432136816 0.66398116559533416 9.5000000000000018
decision_type=2 2 2 2 2 2 2 2 2 2 2 2 2 2
left_child=1 5 9 7 -3 11 -6 -4 -7 -2 -5 -1 -10 -8
right_child=2 4 3 10 6 8 13 -9 12 -11 -12 -13 -14 -15
leaf_value=0.058789011610691812 -0.046297547814841918 0.0040483786083810869 -0.013027415228340259 0.0038594039476604648 0.016039007523155787 0.039156576803459575 0.039156576803459575 -0.029727710933084697 0.047372091803326209 -0.035891144927202086 -0.012610406697301391 0.071573494342574526 0.058789011610691812 0.028536655398354944
leaf_weight=406.77796669304371 5657.9653504565358 1100.1401200462133 1033.3541997373104 1562.6542090866715 899.83704143203795 340.23885459452868 945.04008897766471 2062.95724010095 1329.4247456341982 1904.3142530750483 276.00793859176338 1888.5288376435637 1186.0552538186312 1390.5086440183222
leaf_count=4097 282731 31501 39380 51071 24272 5128 16336 90348 17876 89540 11133 12949 11088 30133
internal_value=-0.000978906 0.040757 -0.0326603 -0.0157784 0.0205387 0.0577745 0.0280296 -0.0250415 0.0494641 -0.043677 -0.000179353 0.0681139 0.053233 0.0337255
internal_weight=21983.8 9486.55 12497.3 4934.97 4335.53 5151.03 3235.39 3096.31 2855.72 7562.28 1838.66 2295.31 2515.48 2335.55
internal_count=717583 153380 564203 191932 102242 51138 70741 129728 34092 372271 62204 17046 28964 46469
is_linear=0
shrinkage=0.05


Tree=11
num_leaves=15
num_cat=0
split_feature=2 2 1 0 0 0 1 2 0 1 2 2 0 1
split_gain=10447.8 1087.01 916.558 267.119 216.122 197.524 90.6111 85.7341 63.0631 53.9081 52.1594 38.5554 31.5697 29.9862
threshold=18.500000000000004 7.5000000000000009 -4.1712261346290065 -1.5285520000470518 -1.1023362226966222 0.22955174432136816 -1.0000000180025095e-35 29.500000000000004 -3.2974674905993635 -2.7828417718017664 38.500000000000007 3.5000000000000004 1.5109616724668951 -1.987676688329812
decision_type=2 2 2 2 2 2 2 2 2 2 2 2 2 2
left_child=1 5 8 7 13 11 12 -4 -2 -6 -5 -1 -7 -3
right_child=2 4 3 10 9 6 -8 -9 -10 -11 -12 -13 -14 -15
leaf_value=0.047380645210481784 -0.046034674159152501 0.0026686112230412395 -0.012533551127710308 0.0026686112230412395 0.014387222749037636 0.048637746897796291 0.069416442806130935 -0.02929128769531545 -0.035319552478265397 0.029621648333441577 -0.012326259057389412 0.034032534062660484 0.059959043302355623 0.014387222749037636
leaf_weight=755.80927632749081 5411.9890121221542 1058.0568008888513 1020.697746148333 1568.3083066698164 424.37827742472291 1734.2688518241048 1152.099439881742 2005.2857862878591 1840.0183504167944 2037.1943984366953 272.72309939749539 1267.7761712521315 954.76874077692628 410.49552647396922
leaf_count=7624 282731 32344 39380 51071 10269 17672 7035 90348 89540 40623 11133 20179 7151 10483
internal_value=-0.00101377 0.0373885 -0.0320513 -0.0152666 0.0170411 0.0510239 0.0576841 -0.0244033 -0.043316 0.0261058 -0.000249247 0.0383816 0.0526575 0.00266861
internal_weight=21913.9 9794.85 12119 4867.01 3930.13 5864.72 3841.14 3025.98 7252.01 2461.57 1841.03 2023.59 2689.04 1468.55
internal_count=717583 153380 564203 191932 93719 59661 31858 129728 372271 50892 62204 27803 24823 42827
is_linear=0
shrinkage=0.05


Tree=12
num_leaves=15
num_cat=0
split_feature=2 2 1 1 0 1 0 2 0 0 2 0 2 2
split_gain=9419.33 926.126 903.145 269.51 250.601 104.011 86.8325 83.2346 72.4355 64.6388 47.476 31.1922 25.5706 20.7046
threshold=18.500000000000004 5.5000000000000009 -4.1712261346290065 -2.7575180864296107 -1.5285520000470518 -1.0000000180025095e-35 -0.49135796329866732 29.500000000000004 0.66398116559533416 -4.3661744683518382 38.500000000000007 -2.0588203998521566 50.500000000000007 10.500000000000002
decision_type=2 2 2 2 2 2 2 2 2 2 2 2 2 2
left_child=1 5 9 -3 7 8 11 -4 -1 -2 -6 -5 -11 -8
right_child=2 3 4 6 10 -7 13 -9 -10 12 -12 -13 -14 -15
leaf_value=0.037894489190645739 -0.047672690610372881 0.0015036804437643242 -0.012052733836495197 0.013715208364210047 0.0015036804437643242 0.061591838093960308 0.034747809941026546 -0.028848710152113984 0.052172292985737806 -0.033380610349446359 -0.012018621143346618 0.022428161549839662 -0.042061758442206797 0.025833382163771179
leaf_weight=1689.7952588573098 3545.9278804194182 1192.8006695266813 1008.6589927300811 372.40034790150821 1572.2289573904127 1374.4938430637121 1395.069567464292 1949.9632011763752 1872.8864615485072 1583.3713030554354 269.54802368022501 1409.6746330671012 1827.0659215543419 771.03987122699618
leaf_count=19732 194984 33126 39380 9722 51071 8523 20595 90348 14360 80540 11133 31645 96747 15677
internal_value=-0.00102846 0.0344412 -0.0314339 0.0195877 -0.0147515 0.049908 0.0259267 -0.0237651 0.0454003 -0.0429459 -0.000272177 0.0177517 -0.0380313 0.0326524
internal_weight=21834.9 10078.2 11756.8 5140.99 4800.4 4937.18 3948.18 2958.62 3562.68 6956.37 1841.78 1782.07 3410.44 2166.11
internal_count=717583 153380 564203 110765 191932 42615 77639 129728 34092 372271 62204 41367 177287 36272
is_linear=0
shrinkage=0.05


Tree=13
num_leaves=15
num_cat=0
split_feature=2 2 1 0 1 0 0 2 1 0 2 0 0 2
split_gain=8530.17 871.518 805.882 217.483 198.366 144.586 78.0559 73.5175 70.606 65.2615 39.4063 29.8195 25.8453 25.3083
threshold=19.500000000000004 7.5000000000000009 -4.1712261346290065 -1.4986774466797663 -3.1600056515065167 0.10843343824341536 -2.0588203998521566 29.500000000000004 -1.0000000180025095e-35 -4.3661744683518382 38.500000000000007 -0.054982390175775588 1.5109616724668951 50.500000000000007
decision_type=2 2 2 2 2 2 2 2 2 2 2 2 2 2
left_child=1 5 9 7 -3 -1 -6 -4 12 -2 -5 -8 -7 -11
right_child=2 4 3 10 6 8 11 -9 -10 13 -12 -13 -14 -15
leaf_value=0.031793166412001507 -0.047472237513305704 -0.00022795145751232094 -0.012158755083257108 -0.00022795145751232094 0.0094870004934239898 0.040724849295804735 0.018975298393906409 -0.028907269079942635 0.058089590703501996 -0.032829027717902325 -0.012158755083257108 0.028408961655854201 0.050475262763395014 -0.041652787790897733
leaf_weight=1973.7176933512092 3384.1356366313994 749.34161665476859 934.24255137704313 1389.9057845026255 432.77657799236476 2014.5917603112757 2067.1858969647437 1917.466190520674 1260.3106598109007 1513.6964815631509 258.46153976395726 1073.7258383966982 1025.639394108206 1754.5962509810925
leaf_count=25759 194855 22970 36971 45501 12424 19539 47597 91162 7212 79657 10795 19243 7151 96747
internal_value=-0.00102754 0.031095 -0.0315509 -0.0152091 0.0138208 0.0429971 0.019202 -0.023566 0.0481391 -0.0426054 -0.000751461 0.0225067 0.0440142 -0.0375661
internal_weight=21749.8 10597.3 11152.5 4500.08 4323.03 6274.26 3573.69 2851.71 4300.54 6652.43 1648.37 3140.91 3040.23 3268.29
internal_count=717583 161895 555688 184429 102234 59661 79264 128133 33902 371259 56296 66840 26690 176404
is_linear=0
shrinkage=0.05


Tree=14
num_leaves=15
num_cat=0
split_feature=1 0 2 2 2 1 2 0 2 1 0 0 1 0
split_gain=7768.19 854.651 800.768 168.511 141.067 139.646 120.92 56.264 43.4971 39.6562 32.6619 31.3552 30.4314 24.692
threshold=-2.808759530089179 -2.2072288143437651 8.5000000000000018 31.500000000000004 21.500000000000004 -4.6244206486568036 2.5000000000000004 -2.0588203998521566 40.500000000000007 -2.090269853623123 -4.4439091154851926 1.9042678021495429 -3.9321862550580593 1.2018794546866181
decision_type=2 2 2 2 2 2 2 2 2 2 2 2 2 2
left_child=1 5 6 12 7 10 11 -4 -7 -8 -1 -2 -3 -11
right_child=2 3 4 -5 -6 8 9 -9 -10 13 -12 -13 -14 -15
leaf_value=-0.047637532993338366 0.044175007437552871 -0.01226762438579369 0.0081482009294939987 -0.02384554067219976 -0.00068970809938762034 -0.02420750797888737 0.025629102748466217 0.020082986689484411 -0.036400771732279055 0.03373591771837816 -0.039680551568569533 0.055652165373816953 -0.00068970809938762034 0.041244797082027308
leaf_weight=2992.2421702910215 1736.2044696882367 338.47524632699788 375.9096094686538 1180.6886075455695 964.91879631020129 1236.5941396690905 453.86888747662306 2642.9436176475137 1273.4129659831524 2680.6590670049191 2266.6284034121782 905.42351508140564 1670.6330021824688 949.38114618510008
leaf_count=180070 12203 12191 11112 53927 36912 55244 6929 57006 68612 32832 128583 4787 49630 7545
internal_value=-0.00103427 -0.0306295 0.0292501 -0.00883825 0.0114854 -0.0395768 0.0397728 0.0169861 -0.0298736 0.0343808 -0.044208 0.0481088 -0.000689708 0.0362818
internal_weight=21668 10958.7 10709.3 3189.8 3983.77 7768.88 6725.54 3018.85 2510.01 4083.91 5258.87 2641.63 2009.11 3630.04
internal_count=717583 548257 169326 115748 105030 432509 64296 68118 123856 47306 308653 16990 61821 40377
is_linear=0
shrinkage=0.05


Tree=15
num_leaves=15
num_cat=0
split_feature=2 2 1 1 2 2 0 0 0 1 0 2 0 2
split_gain=7068.38 764.394 636.302 216.86 158.838 111.428 83.9839 78.1475 66.4186 59.5386 27.8932 26.6735 20.2343 17.5103
threshold=21.500000000000004 7.5000000000000009 -4.1712261346290065 -3.1372340520541955 40.500000000000007 2.5000000000000004 -1.4986774466797663 -1.1023362226966222 -4.4439091154851926 -2.2849012842882677 2.1700093957610567 50.500000000000007 0.66398116559533416 13.500000000000002
decision_type=2 2 2 2 2 2 2 2 2 2 2 2 2 2
left_child=1 5 8 -3 6 10 -4 -5 -2 -7 -1 -10 -11 -9
right_child=2 3 4 7 -6 9 -8 13 11 12 -12 -13 -14 -15
leaf_value=0.041551799405757754 -0.047261402532924331 -0.0030928732074755605 -0.017294647542541088 0.0065428904542696583 -0.028992698673100833 0.023699088476798819 -0.0030928732074755605 0.023699088476798819 -0.031702257538641081 0.03061861564289119 0.053270406553239662 -0.040993858829778983 0.037872888255040184 0.015767968040330309
leaf_weight=2044.955611653626 2966.3910268004984 946.48108645156026 1602.0484394636005 1282.1299414597452 1158.9706769287586 383.82096150144935 1161.772591393441 1699.0623388327658 1404.4398762602359 1968.6313020065427 675.53949299454689 1716.3046813141555 1557.1281734183431 1010.9063486270607
leaf_count=13621 187331 30698 71513 35822 58638 5801 39615 29528 79249 23992 3425 102316 12822 23212
internal_value=-0.00102034 0.0255987 -0.0317845 0.010707 -0.016081 0.0366912 -0.00949151 0.0161787 -0.0419044 0.0312841 0.0444617 -0.0368123 0.0339953 0.0209952
internal_weight=21578.6 11568.7 10009.9 4938.58 3922.79 6630.08 2763.82 3992.1 6087.14 3909.58 2720.5 3120.74 3525.76 2709.97
internal_count=717583 178921 538662 119260 169766 59661 111128 88562 368896 42615 17046 181565 36814 52740
is_linear=0
shrinkage=0.05


Tree=16
num_leaves=15
num_cat=0
split_feature=2 1 1 2 2 0 0 0 0 1 2 2 1 1
split_gain=6428.33 664.234 628.492 206.496 153.955 138.228 75.7312 67.945 51.2469 35.037 29.4396 26.8384 17.8619 17.1127
threshold=21.500000000000004 -2.090269853623123 -4.1712261346290065 5.5000000000000009 40.500000000000007 -0.7627742582158481 -1.4986774466797663 -4.4439091154851926 1.5109616724668951 -3.2726776432735822 9.5000000000000018 50.500000000000007 -1.0000000180025095e-35 -3.3389158454299577
decision_type=2 2 2 2 2 2 2 2 2 2 2 2 2 2
left_child=1 5 7 8 6 9 -4 -2 12 -1 -5 -9 -3 -7
right_child=2 3 4 10 -6 13 -8 11 -10 -11 -12 -13 -14 -15
leaf_value=-0.003687635872337891 -0.047057064169228273 0.031902887999252845 -0.016710441320846172 0.026117246071085454 -0.028502447365159913 0.0071985451730240853 -0.003687635872337891 -0.031076641065838403 0.044079325926460446 0.0046336001022265544 0.018524266445072303 -0.040559793392269804 0.038936256894111676 0.018524266445072303
leaf_weight=756.73360960930586 2833.6658302573487 2687.1469237431884 1575.8340898193419 1641.6170168071985 1127.1589394267648 109.27771161496639 1158.404188612476 1362.1610901970416 1900.4412341564894 1284.9201617017388 1404.1199023127556 1649.6340480130166 650.09088818728924 1355.6083524152637
leaf_count=24885 187331 24563 71513 22824 58638 2554 39615 79249 10527 34076 29873 102316 4177 25442
internal_value=-0.00102559 0.0237838 -0.031159 0.0315054 -0.0155053 0.00554313 -0.00902608 -0.0414996 0.0375254 -0.00286577 0.0211529 -0.0362708 0.0337932 0.0172629
internal_weight=21496.8 11790 9706.86 8283.42 3861.4 3506.54 2734.24 5845.46 5237.68 2041.65 3045.74 3011.8 3337.24 1464.89
internal_count=717583 178921 538662 91964 169766 86957 111128 368896 39267 58961 52697 181565 28740 27996
is_linear=0
shrinkage=0.05


Tree=17
num_leaves=15
num_cat=0
split_feature=1 2 0 2 2 2 0 0 1 0 0 1 2 2
split_gain=5873.14 650.124 622.996 135.855 129.534 113.129 105.056 52.6233 47.5214 40.0667 36.2162 23.1175 15.0608 14.8197
threshold=-3.0215997992277712 9.5000000000000018 -2.4307373388051277 21.500000000000004 33.500000000000007 3.5000000000000004 -4.4439091154851926 -2.0588203998521566 -4.3279112137479858 -0.054982390175775588 1.9042678021495429 -3.9766478399518719 41.500000000000007 44.500000000000007
decision_type=2 2 2 2 2 2 2 2 2 2 2 2 2 2
left_child=2 5 6 7 11 10 -1 -3 -8 -7 -2 -4 -10 -6
right_child=1 3 4 -5 13 9 8 -9 12 -11 -12 -13 -14 -15
leaf_value=-0.04643308113824645 0.033587423755661851 0.0040068599852201162 -0.014713501809249518 -0.0043779948451854204 -0.017454162997828229 0.018640324023124998 -0.037909859533255805 0.015467916370867385 -0.025527674916242468 0.029028117569236157 0.044154500246716022 -0.0043779948451854204 -0.031808625760066954 -0.025527674916242468
leaf_weight=2938.1335360845551 2804.5786080285907 414.0061199683696 398.52543802186847 1294.0634581688792 572.31173146702349 1634.1867711059749 2261.9313505897298 2631.6987801119685 670.52998136170208 2148.9573533385992 1140.5961048007011 1401.200128365308 562.16419783979654 540.14629838615656
leaf_count=198893 19629 12394 16196 51797 27941 24907 142377 56953 31592 22398 5786 44917 32289 29514
internal_value=-0.00102062 0.0220222 -0.0307782 0.00653551 -0.0115909 0.0307186 -0.0394645 0.0123917 -0.0336056 0.024541 0.0366425 -0.00437799 -0.0257074 -0.025049
internal_weight=21413 12068.1 9344.94 4339.77 2912.18 7728.32 6432.76 3045.7 3494.63 3783.14 3945.17 1799.73 1232.69 1112.46
internal_count=717583 193864 523719 121144 118568 72720 405151 69347 206258 47305 25415 61113 63881 57455
is_linear=0
shrinkage=0.05


Tree=18
num_leaves=15
num_cat=0
split_feature=2 2 1 0 2 1 1 0 0 1 0 1 0 0
split_gain=5386.65 591.99 506.438 185.202 147.637 96.7871 60.0319 51.4549 48.4489 41.4237 28.0992 23.0025 22.7636 20.4561
threshold=23.500000000000004 8.5000000000000018 -4.3720561522295034 -1.1023362226966222 40.500000000000007 -0.17009775752386244 -2.2849012842882677 -4.4439091154851926 -1.5285520000470518 -3.2726776432735822 0.66398116559533416 -3.3829500742389107 2.5768375980186855 -2.0845161329239352
decision_type=2 2 2 2 2 2 2 2 2 2 2 2 2 2
left_child=1 5 7 9 8 6 -1 -2 -4 -3 -8 -5 -7 -11
right_child=2 3 4 11 -6 12 10 -9 -10 13 -12 -13 -14 -15
leaf_value=0.017591574441391838 -0.046705807573054016 -0.0057221831551838133 -0.016395652347427733 0.0051346688991497393 -0.029515954134069367 0.035506188619950356 0.023863047462960932 -0.036538649752756877 -0.0057221831551838133 -0.0014392311424339193 0.031370776450758107 0.016150411055215044 0.049354991013924016 0.0051346688991497393
leaf_weight=537.57929749786854 2534.7962225591764 699.98753185290843 1443.9592333389446 172.76595631986856 1302.5989945661277 1687.5262113511562 2716.3643210418522 2444.5233151400462 967.0200917031616 555.07302028499544 2302.8354988619685 2703.4850675202906 360.03288912773132 895.62047299183905
leaf_count=8435 183599 27113 70072 4562 73721 9720 31230 159480 34773 17456 17178 53900 1621 24723
internal_value=-0.000999657 0.0198478 -0.0312921 0.00653454 -0.0173175 0.0286486 0.0252244 -0.0417144 -0.00996386 -0.00456401 0.0273076 0.0148333 0.0379413 0.00284372
internal_weight=21324.2 12631.3 8692.9 5026.93 3713.58 7604.34 5556.78 4979.32 2410.98 2150.68 5019.2 2876.25 2047.56 1450.69
internal_count=717583 195938 521645 127754 178566 68184 56843 343079 104845 69292 48408 58462 11341 42179
is_linear=0
shrinkage=0.05


Tree=19
num_leaves=15
num_cat=0
split_feature=1 2 0 2 2 2 0 0 0 1 0 1 0 1
split_gain=4947.25 654.571 392.228 162.212 111.718 104.99 58.5093 47.3778 41.0673 35.3475 30.587 19.1308 16.4477 12.0377
threshold=-3.317218312078221 10.500000000000002 -2.9420617039328438 24.500000000000004 3.5000000000000004 40.500000000000007 -4.4439091154851926 -2.0845161329239352 -0.20265637906131953 -3.9766478399518719 1.9042678021495429 -4.6244206486568036 -0.7627742582158481 -2.1903721044654012
decision_type=2 2 2 2 2 2 2 2 2 2 2 2 2 2
left_child=2 4 6 7 10 9 -1 -3 -6 -4 -2 -8 -9 -10
right_child=1 3 5 -5 8 -7 11 12 13 -11 -12 -13 -14 -15
leaf_value=-0.046009581443038537 0.029036721608020667 0.00069884676747538352 -0.01947454571120609 -0.0074928816625394676 0.014478750832413565 -0.029350865243266175 -0.038551679169388536 0.0074221889277453395 0.019388698330804123 -0.0074928816625394676 0.038570804913931493 -0.029350865243266175 0.014342525215193131 0.025656948339294973
leaf_weight=2662.7943945378065 2923.0756582766771 524.8281443733722 751.38252542633563 1413.3094549272209 1788.6353112906218 1002.6585484929383 1493.5539711518213 1303.6479938142002 250.57954753935337 1117.8486408609897 1181.1681197285652 836.1176648484543 1616.4211677163839 2379.9182992950082
leaf_count=197435 19681 17547 36588 62578 28452 60971 102105 34896 3506 41604 5786 49036 33132 24266
internal_value=-0.00100475 0.0174918 -0.0324776 0.00284437 0.0258407 -0.0177551 -0.0409466 0.00889058 0.0203241 -0.0107228 0.0317806 -0.0351597 0.0116408 0.0242986
internal_weight=21245.9 13381.6 7864.36 4858.21 8523.38 2871.89 4992.47 3444.9 4419.13 1869.23 4104.24 2329.67 2920.07 2630.5
internal_count=717583 229844 487739 148153 81691 139163 348576 85575 56224 78192 25467 151141 68028 27772
is_linear=0
shrinkage=0.05


Tree=20
num_leaves=15
num_cat=0
split_feature=2 2 1 0 2 1 1 1 0 0 0 2 0 2
split_gain=4545.11 594.572 340.08 182.578 100.788 99.4746 62.0882 47.8038 45.6433 36.1872 31.4032 23.2818 11.025 10.8831
threshold=27.500000000000004 9.5000000000000018 -4.6244206486568036 -2.0588203998521566 43.500000000000007 -2.2849012842882677 -1.0000000180025095e-35 -3.0438503782455109 -1.5819498194939212 -5.0492854023627363 0.66398116559533416 17.500000000000004 -2.8925612434077985 73.500000000000014
decision_type=2 2 2 2 2 2 2 2 2 2 2 2 2 2
left_child=1 5 9 -3 8 -1 10 -5 12 -2 -7 -9 -4 -11
right_child=2 3 4 7 -6 6 -8 11 -10 13 -12 -13 -14 -15
leaf_value=0.013666630353486954 -0.048234922596620593 -0.0083862992095554006 -0.022576467983529819 -8.1992142155083031e-05 -0.031474505110237271 0.02043318460561851 0.03473069020471007 0.013666630353486954 -0.0083862992095554006 -0.036970467171115587 0.02766636322473804 0.0055679409227136671 -0.015792956710732883 -0.043407644639543386
leaf_weight=687.85636934265494 1575.6465789331123 1202.2364305816591 490.03570994641632 1006.941602293402 1263.0821235086769 3241.8576371483505 1648.2488603144884 2189.9858961440623 681.35253743827343 2077.9370155222714 2793.6964093893766 1027.5232852324843 829.19717922061682 449.51949312537909
leaf_count=11361 125007 48657 28146 32120 78822 36980 8523 42846 27532 151227 19843 29626 43411 33482
internal_value=-0.000995916 0.0159341 -0.0327067 0.00304276 -0.0206612 0.0242905 0.02613 0.00822231 -0.0136784 -0.0422878 0.0237812 0.0112179 -0.0197427 -0.0385804
internal_weight=21165.1 13798.3 7366.77 5426.69 3263.67 8371.66 7683.8 4224.45 2000.59 4103.1 6035.55 3217.51 1319.23 2527.46
internal_count=717583 229956 487627 153249 177911 76707 65346 104592 99089 309716 56823 72472 71557 184709
is_linear=0
shrinkage=0.05


Tree=21
num_leaves=15
num_cat=0
split_feature=1 2 0 2 2 2 0 1 0 0 0 1 0 0
split_gain=4187.44 503.036 384.918 138.344 112.509 91.3803 45.2029 42.1852 40.3104 32.2622 26.4395 21.9189 13.6758 10.1675
threshold=-3.317218312078221 10.500000000000002 -3.204309248694436 24.500000000000004 43.500000000000007 3.5000000000000004 -5.1875697679890198 -4.3720561522295034 -2.0845161329239352 -0.20265637906131953 1.9042678021495429 -4.6244206486568036 -0.7627742582158481 -2.2072288143437651
decision_type=2 2 2 2 2 2 2 2 2 2 2 2 2 2
left_child=2 5 6 8 7 10 -1 -4 -3 -7 -2 -8 -10 -9
right_child=1 3 4 -5 -6 9 11 13 12 -11 -12 -13 -14 -15
leaf_value=-0.048196996634728727 0.025311048994033858 -1.594179324872283e-05 -0.020593551120781591 -0.0079526761996100287 -0.029605202186295244 0.012521601540918852 -0.040114365965409557 -0.014273113660195808 0.0065013770750847232 0.021069167914215394 0.03404599803301861 -0.030169071682186882 0.012521601540918852 -0.0079526761996100287
leaf_weight=1475.8171678371727 3022.3188222423196 521.06575453653932 510.34727651439607 1386.5117619670928 1002.0883526075631 1838.3148206174374 2001.6591390157118 433.50344645790756 1323.2868798412383 2728.0738007463515 1214.3985988348722 766.04428551904857 1652.951664019376 1214.1247406359762
leaf_count=120452 19681 17547 29581 62578 66656 28452 154369 22404 34896 27772 5786 48562 33132 45715
internal_value=-0.000999434 0.0153864 -0.0312918 0.00251711 -0.0180804 0.0225261 -0.04113 -0.0115819 0.00792079 0.0176192 0.0278148 -0.0373617 0.0103706 -0.00795268
internal_weight=21090.5 13686.9 7403.58 4883.82 3160.06 8803.11 4243.52 2157.98 3497.3 4566.39 4236.72 2767.7 2976.24 1647.63
internal_count=717583 229844 487739 148153 164356 81691 323383 97700 85575 56224 25467 202931 68028 68119
is_linear=0
shrinkage=0.05


Tree=22
num_leaves=15
num_cat=0
split_feature=1 2 0 2 0 2 0 0 1 0 2 2 1 0
split_gain=3863.07 559.591 254.534 136.162 105.908 70.8039 43.3705 35.5941 35.2678 27.2 16.9666 15.8966 14.2473 13.6773
threshold=-3.5586234366583271 14.500000000000002 -3.204309248694436 4.5000000000000009 -1.4986774466797663 43.500000000000007 -4.4439091154851926 1.5109616724668951 -2.3438341511669845 -2.2072288143437651 20.500000000000004 26.500000000000004 -4.6244206486568036 -2.0588203998521566
decision_type=2 2 2 2 2 2 2 2 2 2 2 2 2 2
left_child=2 3 6 7 10 9 -1 -2 -5 -4 -3 -6 -8 -10
right_child=1 4 5 8 11 -7 12 -9 13 -11 -12 -13 -14 -15
leaf_value=-0.04545554236293458 0.021897325045455284 -0.0025154343772126157 -0.022495088307585565 0.0085071095529584626 0.0073094812040570209 -0.03085763546327517 -0.038208597350122803 0.030374415905600746 0.012247744260504251 -0.0099028723921497676 -0.0099028723921497676 -0.0023512132123215783 -0.03085763546327517 0.017134389714862502
leaf_weight=2307.2607820667326 3281.7260764986277 462.9090182185173 632.13634159043431 1126.9956895913929 1687.7022893503308 904.72414331976324 1142.0957652274519 1988.6888086050749 255.07368481904268 977.69959958549589 1348.864651707001 569.51584790274501 506.40704518649727 3819.4111845344305
leaf_count=195626 24134 14750 37219 22884 42716 62552 87711 9780 5044 40725 67561 22758 33086 51037
internal_value=-0.000983665 0.0133177 -0.0331235 0.0194319 -0.00241773 -0.0206851 -0.0410302 0.025096 0.0136928 -0.0143776 -0.00990287 0.004872 -0.0348364 0.0159884
internal_weight=21011.2 14540.9 6470.32 10471.9 4068.99 2514.56 3955.76 5270.41 5201.48 1609.84 1811.77 2257.22 1648.5 4074.48
internal_count=717583 260664 456919 112879 147785 140496 316423 33914 78965 77944 82311 65474 120797 56081
is_linear=0
shrinkage=0.05


Tree=23
num_leaves=15
num_cat=0
split_feature=2 2 1 0 1 0 1 0 1 2 0 2 2 2
split_gain=3564.84 485.72 242.975 179.232 77.1197 69.5094 49.0288 36.8467 36.5463 23.4659 23.061 21.7468 12.5284 11.3411
threshold=30.500000000000004 9.5000000000000018 -4.6463958017008915 -2.0588203998521566 -2.2849012842882677 -1.7741169220942108 -1.0000000180025095e-35 -5.0492854023627363 -3.6043309945099855 17.500000000000004 0.66398116559533416 40.500000000000007 47.500000000000007 73.500000000000014
decision_type=2 2 2 2 2 2 2 2 2 2 2 2 2 2
left_child=1 4 7 -3 -1 11 10 -2 -5 -10 -6 -4 -7 -9
right_child=2 3 5 8 6 12 -8 13 9 -11 -12 -13 -14 -15
leaf_value=0.010694026423990158 -0.047776836400658024 -0.010188806141502499 -0.019685913152259864 -0.0019169257423032147 0.016665322380922599 -0.010188806141502499 0.029011220240029664 -0.035516977247264644 0.010694026423990158 0.0033286047290837281 0.022724897758971248 -0.030695890196205923 -0.018326423487487975 -0.042542075816690082
leaf_weight=706.34991060197353 1364.5972334221005 1391.5771781355143 728.51786504127085 454.57239434309304 3392.360752210021 609.62826851848513 1711.2424641698599 1789.2334607373923 2510.0422322358936 1647.2574812807143 2923.0144450888038 1166.8626843811944 143.88424833770841 398.49091458041221
leaf_count=11361 124250 62107 41878 16955 36980 27957 8523 145302 49296 50381 19843 81147 8216 33387
internal_value=-0.000978469 0.012405 -0.0327826 0.00145667 0.0199314 -0.0213213 0.0215041 -0.0413291 0.00635495 0.00797665 0.0194699 -0.026464 -0.0101888 -0.0373073
internal_weight=20937.6 14736.4 6201.21 6003.45 8732.97 2648.89 8026.62 3552.32 4611.87 4157.3 6315.38 1895.38 753.513 2187.72
internal_count=717583 255446 462137 178739 76707 159198 65346 302939 116632 99677 56823 123025 36173 178689
is_linear=0
shrinkage=0.05


Tree=24
num_leaves=15
num_cat=0
split_feature=1 2 0 2 0 2 0 1 2 0 0 1 0 0
split_gain=3297.29 437.317 250.481 111.536 95.428 65.8666 45.5744 33.0648 30.7062 26.453 20.8079 19.0444 18.2604 10.2295
threshold=-3.5586234366583271 14.500000000000002 -3.204309248694436 5.5000000000000009 -2.0845161329239352 45.500000000000007 -5.1875697679890198 -1.0000000180025095e-35 26.500000000000004 -2.2072288143437651 -0.29078201138852494 -4.6244206486568036 0.66398116559533416 -0.63211651279766778
decision_type=2 2 2 2 2 2 2 2 2 2 2 2 2 2
left_child=2 3 6 7 -3 9 -1 12 13 -4 -5 -8 -2 -6
right_child=1 4 5 10 8 -7 11 -9 -10 -11 -12 -13 -14 -15
leaf_value=-0.047844039404267451 0.016183170817812544 -0.010094605634444876 -0.02173847083876676 0.007617672668481644 0.0026064633666343226 -0.029846708335112371 -0.038764290322531862 0.027234354834635949 -0.0036094102504484029 -0.010094605634444876 0.014448634733276546 -0.029846708335112371 0.022108116731497623 0.0074171539709398165
leaf_weight=1274.8263149578124 2130.1418700404465 1141.2403622735292 659.72427897620946 2243.8212085273117 1244.5205226372927 762.29668635688722 1785.8496339572594 1731.2121193259954 828.82118603400886 998.67086340393871 2215.6427947618067 601.50064078718424 2411.1240924671292 837.32695859670639
leaf_count=119686 19364 57225 41145 42759 35693 56330 154369 8523 35677 43021 27873 42368 14360 19190
internal_value=-0.000976352 0.0117728 -0.031962 0.0170568 -0.00222253 -0.0194823 -0.0402111 0.0213548 0.00287579 -0.0138439 0.0110116 -0.0361351 0.0191134 0.00617197
internal_weight=20866.7 14783.9 6082.87 10731.9 4051.91 2420.69 3662.18 6272.48 2910.67 1658.4 4459.46 2387.35 4541.27 2081.85
internal_count=717583 260664 456919 112879 147785 140496 316423 42247 90560 84166 70632 196737 33724 54883
is_linear=0
shrinkage=0.05


Tree=25
num_leaves=15
num_cat=0
split_feature=2 1 1 0 2 0 0 1 0 2 0 0 2 1
split_gain=3047.11 387.016 238.709 148.386 93.0983 64.0285 38.5039 27.4414 22.0927 20.7088 16.0022 11.9989 11.9396 11.5119
threshold=30.500000000000004 -2.090269853623123 -4.6463958017008915 -1.4708501830463228 6.5000000000000009 -1.7741169220942108 -5.0492854023627363 -1.0000000180025095e-35 -2.3810518186254952 40.500000000000007 -0.7627742582158481 0.66398116559533416 73.500000000000014 -3.7612356954842832
decision_type=2 2 2 2 2 2 2 2 2 2 2 2 2 2
left_child=1 3 6 8 7 9 -2 11 -1 -4 -5 -3 -8 -10
right_child=2 4 5 10 -6 -7 12 -9 13 -11 -12 -13 -14 -15
leaf_value=-0.010304234990918522 -0.047455625110471349 0.015692313061857342 -0.018579554696255524 0.0023535333564315229 0.0095617094083140369 -0.010304234990918522 -0.034397923961989513 0.025592977556085524 -0.0067977462960263262 -0.029549199992579725 0.0085402695703717182 0.020620907796479775 -0.041874456742389488 -0.0016002432391612671
leaf_weight=986.22943222057074 1243.7866121344268 2325.2803300619125 704.24684463068843 1255.3732271213084 2958.2254865057766 738.51787612494081 1670.310353115201 1749.6377230733633 277.31664093397558 1105.7886586310342 1925.3583524599671 2633.5346908196807 368.85878457035869 846.71160185337067
leaf_count=46348 124250 21334 41878 34034 51977 36173 145302 8523 12039 81147 37379 15924 33387 27888
internal_value=-0.000951664 0.0110007 -0.0316092 0.000129625 0.0169509 -0.0201276 -0.0405223 0.0202093 -0.0101504 -0.0252811 0.00694991 0.0183098 -0.0362933 -0.00329126
internal_weight=20789.2 14957.7 5831.51 5290.99 9666.68 2548.55 3282.96 6708.45 2110.26 1810.04 3180.73 4958.82 2039.17 1124.03
internal_count=717583 255446 462137 157688 97758 159198 302939 45781 86275 123025 71413 37258 178689 39927
is_linear=0
shrinkage=0.05


Tree=26
num_leaves=15
num_cat=0
split_feature=1 2 0 0 0 2 0 2 1 1 1 2 2 0
split_gain=2823.79 350.018 245.198 104.23 72.6749 61.6186 47.4252 35.667 27.8963 22.6131 18.9928 14.5309 14.2119 9.69239
threshold=-3.5586234366583271 16.500000000000004 -3.204309248694436 0.10843343824341536 -1.9046259178722857 45.500000000000007 -5.1875697679890198 2.5000000000000004 -2.3438341511669845 -4.3720561522295034 -4.6244206486568036 26.500000000000004 6.5000000000000009 2.5768375980186855
decision_type=2 2 2 2 2 2 2 2 2 2 2 2 2 2
left_child=2 3 6 8 -3 9 -1 13 -2 -4 -8 -6 -10 -5
right_child=1 4 5 7 11 -7 10 -9 12 -11 -12 -13 -14 -15
leaf_value=-0.047537224532833752 0.0055344983071629441 -0.010143735715108616 -0.020839756256398098 0.021961248040779556 0.0048555907128071153 -0.028829251257503293 -0.037839008891616406 0.015721236923175261 0.014099468793106135 -0.010143735715108616 -0.028829251257503293 -0.003705573877055396 0.008630296521636242 0.030166920208724114
leaf_weight=1163.5884395418689 1321.1902156192809 1185.1364687131718 505.24002182576805 2266.6429855674505 1487.5883273202926 719.02327775396407 1661.8714896254241 3746.4605798311532 1867.2222619652748 1111.0313346516341 570.49794911872596 743.29694427549839 1938.1067508906126 427.78531438112259
leaf_count=119686 27803 61158 32632 11565 40761 56330 154369 34628 17253 51534 42368 31707 33963 1826
internal_value=-0.000927991 0.0104894 -0.0307768 0.0146423 -0.00357329 -0.0183055 -0.039353 0.0188766 0.00932231 -0.0128503 -0.0350871 0.00200314 0.011671 0.023264
internal_weight=20714.7 14983.4 5731.25 11567.4 3416.02 2335.29 3395.96 6440.89 5126.52 1616.27 2232.37 2230.89 3805.33 2694.43
internal_count=717583 260664 456919 127038 133626 140496 316423 48019 79019 84166 196737 72468 51216 13391
is_linear=0
shrinkage=0.05


Tree=27
num_leaves=15
num_cat=0
split_feature=2 1 1 2 0 2 0 0 0 0 2 2 1 0
split_gain=2607.17 308.889 233.049 116.394 79.3994 58.7205 40.2332 26.6975 23.2526 22.3364 15.5009 8.95893 7.84281 9.69123
threshold=30.500000000000004 -2.6800351835346206 -4.6463958017008915 5.5000000000000009 -1.4423633933853888 43.500000000000007 -5.2755596532410625 -0.89050600004693381 -2.8925612434077985 1.5109616724668951 74.500000000000014 12.500000000000002 -0.32328576544983217 2.5768375980186855
decision_type=2 2 2 2 2 2 2 2 2 2 2 2 2 2
left_child=1 4 6 9 -1 8 -2 -5 -4 -3 -8 -9 -11 -14
right_child=2 3 5 7 -6 -7 10 11 -10 12 -12 -13 13 -15
leaf_value=-0.010309312958718266 -0.048200965821670279 0.015907778811997293 -0.019958059571773726 0.0046148830294745541 0.0038596107167479972 -0.027750742723579254 -0.033638880215647475 0.012381221799999339 -0.010309312958718266 0.019017256031541765 -0.041995461845022036 0.0076729572566829902 0.021691307199584776 0.030623133724806281
leaf_weight=1558.4237557984889 950.17522375844419 4185.1044372394681 359.34260116238147 1919.109640898183 1569.3762595225126 1071.8356965575367 1706.2424812782556 2576.4374235831201 1026.3462992608547 773.650141492486 381.59111141040921 1135.8358951918781 998.73951645195484 431.92781586945057
leaf_count=70037 104363 30773 24191 48241 40623 80554 160677 31860 54453 4189 37899 23344 4543 1836
internal_value=-0.000909902 0.00979234 -0.030411 0.0134343 -0.00420456 -0.0189628 -0.0396717 0.0081936 -0.0121654 0.0180533 -0.03579 0.010731 0.0221267 0.0243654
internal_weight=20644.1 15148.6 5495.53 12020.8 3127.8 2457.52 3038.01 5631.38 1385.69 6389.42 2087.83 3712.27 2204.32 1430.67
internal_count=717583 255446 462137 144786 110660 159198 302939 103445 78644 41341 198576 55204 10568 6379
is_linear=0
shrinkage=0.05


Tree=28
num_leaves=15
num_cat=0
split_feature=1 2 0 0 0 2 0 2 1 0 1 2 0 2
split_gain=2414.21 288.004 230.584 84.1932 66.9376 54.8265 48.8347 29.7929 23.031 21.2183 18.8025 12.0413 11.6974 8.88923
threshold=-3.5825878561551963 16.500000000000004 -3.204309248694436 0.10843343824341536 -1.9046259178722857 47.500000000000007 -5.1875697679890198 2.5000000000000004 -2.3438341511669845 -2.2072288143437651 -4.8330471961588506 26.500000000000004 -3.0120232414520243 6.5000000000000009
decision_type=2 2 2 2 2 2 2 2 2 2 2 2 2 2
left_child=2 3 6 8 -3 9 -1 -5 -2 -4 -8 -6 -10 -14
right_child=1 4 5 7 11 -7 10 -9 12 -11 -12 -13 13 -15
leaf_value=-0.047208740794971574 0.0047614895410731531 -0.010265246400329242 -0.019963861339742716 0.020725572406134204 0.0043414724332941929 -0.027936965837360467 -0.037239387750326161 0.013894593442561914 0.0075498743817848102 -0.010265246400329242 -0.027936965837360467 -0.0034083255096511826 0.012489543065910463 0.0095418676141890701
leaf_weight=1061.6181539427489 1340.9876814130694 1187.1994898803532 650.95722846873105 2739.0642005354166 1509.561395412311 596.98747682850808 1437.5799372512847 3825.5435863547027 133.55840064957738 957.53734758216888 645.39167588297278 750.37477131560445 1846.1686538383365 1893.7053246572614
leaf_count=119625 28078 62817 44504 13391 41098 50000 143562 34637 2245 43709 52529 32417 16651 32320
internal_value=-0.00089492 0.00925726 -0.0297878 0.0129773 -0.00345433 -0.0173931 -0.0384808 0.0167448 0.00823429 -0.0125211 -0.0340325 0.00176828 0.0103383 0.0115339
internal_weight=20576.2 15226.2 5350.07 11779 3447.14 2205.48 3144.59 6564.61 5214.42 1608.49 2082.97 2259.94 3873.43 3739.87
internal_count=717583 263654 453929 127322 136332 138213 315716 48028 79294 88213 196091 73515 51216 48971
is_linear=0
shrinkage=0.05


Tree=29
num_leaves=15
num_cat=0
split_feature=2 0 1 0 1 2 2 0 0 1 2 0 0 0
split_gain=2229.1 248.458 226.411 108.2 59.9264 55.1383 54.8913 41.8487 20.057 17.5022 16.2406 9.05701 6.59575 6.28457
threshold=30.500000000000004 -0.89050600004693381 -4.6463958017008915 -3.0120232414520243 -1.4411312377912064 15.500000000000002 43.500000000000007 -5.2755596532410625 -2.8925612434077985 -1.0000000180025095e-35 74.500000000000014 2.5768375980186855 -2.3565899792828975 -3.2974674905993635
decision_type=2 2 2 2 2 2 2 2 2 2 2 2 2 2
left_child=1 3 7 -1 -3 -5 8 -2 -4 -6 13 -11 -8 -9
right_child=2 4 6 5 9 -7 12 10 -10 11 -12 -13 -14 -15
leaf_value=-0.010240402451489451 -0.047936410082373107 0.0082783691303922793 -0.018897373509418183 0.0060399022982107926 0.014386283255427701 -0.0036175270497390472 -0.02830272796796884 -0.034526862597190136 -0.010240402451489451 0.018530469060184108 -0.041330824467465749 0.027806395901127837 -0.020469109237930078 -0.02830272796796884
leaf_weight=648.60200268682092 865.15588412620127 4174.4527461063117 346.03393112216145 2098.0380228217691 4716.2442851662636 1946.3485668459907 702.63507651537657 1118.48150273785 1007.3400002745911 1413.2051250636578 353.55877019185573 323.36907774209976 318.35254773870111 479.61622388102114
leaf_count=29860 104363 67710 24191 38052 37144 74565 59065 117693 54453 6789 37899 1326 21489 42984
internal_value=-0.000879645 0.00871516 -0.029196 -0.000866696 0.0129465 0.00275346 -0.0178225 -0.0387829 -0.0112194 0.0159664 -0.0347252 0.0202577 -0.0265753 -0.0324599
internal_weight=20511.4 15320.3 5191.17 4692.99 10627.3 4044.39 2374.36 2816.81 1353.37 6452.82 1951.66 1736.57 1020.99 1598.1
internal_count=717583 255446 462137 142477 112969 112617 159198 302939 78644 45259 198576 8115 80554 160677
is_linear=0
shrinkage=0.05


Tree=30
num_leaves=15
num_cat=0
split_feature=1 2 0 2 0 2 0 0 0 0 1 1 2 2
split_gain=2072.49 258.399 200.326 92.5194 47.3769 44.6312 42.5736 30.4991 20.1128 16.7336 15.5253 11.3357 8.45784 8.20466
threshold=-3.6720082684877275 21.500000000000004 -3.204309248694436 5.5000000000000009 -5.1875697679890198 47.500000000000007 -1.4986774466797663 -2.0588203998521566 1.5109616724668951 -2.2072288143437651 -4.8330471961588506 -2.4349621428474229 44.500000000000007 74.500000000000014
decision_type=2 2 2 2 2 2 2 2 2 2 2 2 2 2
left_child=2 3 4 8 -1 9 -3 -5 -2 -4 13 -9 -8 -6
right_child=1 6 5 7 10 -7 12 11 -10 -11 -12 -13 -14 -15
leaf_value=-0.04684699720882339 0.012949743323856686 -0.010712715960361094 -0.019479809943390297 0.001847413988683084 -0.034033207453338286 -0.027454792146848442 0.001847413988683084 0.0049173983751102978 0.018764705793929696 -0.010712715960361094 -0.027454792146848442 0.0093653610460350221 -0.0050668372916303417 -0.040057549588273136
leaf_weight=966.06156578473747 4388.2621922418475 1318.7276976900175 592.06433475390077 693.38656008988619 1102.1350244581699 550.81067638844252 1023.03509715572 1641.6313966885209 2249.2032701596618 814.33535713609308 576.30460686888546 4229.0641780663282 62.960387878119946 238.62604375369847
leaf_count=119327 31727 74199 42273 20024 116046 48940 35780 36462 10573 38634 49828 62742 3512 27516
internal_value=-0.00085355 0.00801176 -0.0294372 0.0107577 -0.037818 -0.0170915 -0.00706285 0.00654859 0.0149202 -0.0123288 -0.0332681 0.00798738 0.000579041 -0.0362451
internal_weight=20446.6 15606.3 4840.34 13201.5 2883.13 1957.21 2404.72 6564.08 6637.47 1406.4 1917.07 5870.7 1086 1340.76
internal_count=717583 275019 442564 161528 312717 129847 113491 119228 42300 80907 193390 99204 39292 143562
is_linear=0
shrinkage=0.05


Tree=31
num_leaves=15
num_cat=0
split_feature=0 1 0 2 2 1 1 2 0 1 2 0 2 0
split_gain=1922.86 432.817 95.4224 93.3092 72.8631 29.9707 23.7695 19.7543 16.9261 15.3152 8.89955 7.34465 6.81417 6.59777
threshold=-3.0120232414520243 -2.7575180864296107 -4.4439091154851926 30.500000000000004 5.5000000000000009 -4.1486439696882043 -3.9766478399518719 21.500000000000004 -5.4252211689988163 -1.0000000180025095e-35 50.500000000000007 2.5768375980186855 76.500000000000014 -1.5285520000470518
decision_type=2 2 2 2 2 2 2 2 2 2 2 2 2 2
left_child=2 3 8 6 9 10 -2 -6 -1 -3 -4 -11 -10 -8
right_child=1 4 5 -5 7 -7 13 -9 12 11 -12 -13 -14 -15
leaf_value=-0.04769205665794124 -0.0074364921661073738 0.013098744979690725 -0.025810998831508111 -0.013667889850442897 0.0081081631652384929 -0.018501067419922339 -0.0031033852732879068 0.0016352992081031812 -0.035403330785680392 0.017011446478018322 -0.03420383015006663 0.02529805964826894 -0.042700908619222488 0.0016352992081031812
leaf_weight=785.44995145220309 395.77314712386578 4741.4939368367195 469.83509966731071 1684.5254200147465 5286.0434866771102 777.51589982025325 677.07214833050966 737.04747909493744 752.33485811157152 1496.6521161496639 702.22245329245925 325.56358462572098 172.13148266589269 1384.840344639495
leaf_count=99422 18966 32524 43089 118448 84554 43537 26589 28898 80473 7178 75099 1326 21644 35836
internal_value=-0.00084353 0.00633816 -0.0336739 -0.00768122 0.0109518 -0.0261125 -0.00120509 0.00698053 -0.0422951 0.014596 -0.0311618 0.018492 -0.0377098 0.00122972
internal_weight=20388.5 16729 3659.49 4142.21 12586.8 1949.57 2457.69 6023.09 1709.92 6563.71 1172.06 1822.22 924.466 2061.91
internal_count=717583 354319 363264 199839 154480 161725 81391 113452 201539 41028 118188 8504 102117 62425
is_linear=0
shrinkage=0.05


Tree=32
num_leaves=15
num_cat=0
split_feature=0 1 0 2 2 1 1 2 0 1 2 2 0 0
split_gain=1785.98 391.227 95.5385 89.0699 65.4022 29.2904 22.9203 18.1844 17.3556 13.8896 8.8494 6.99259 6.69505 6.54434
threshold=-3.0120232414520243 -2.7575180864296107 -4.4439091154851926 30.500000000000004 5.5000000000000009 -4.1486439696882043 -3.9766478399518719 21.500000000000004 -5.4252211689988163 -1.0000000180025095e-35 50.500000000000007 76.500000000000014 2.5768375980186855 1.0741159955438311
decision_type=2 2 2 2 2 2 2 2 2 2 2 2 2 2
left_child=2 3 8 6 9 10 -2 -6 -1 13 -4 -10 -11 -3
right_child=1 4 5 -5 7 -7 -8 -9 11 12 -12 -13 -14 -15
leaf_value=-0.047540728465051113 -0.0073552589905730272 0.010812093386592982 -0.025162784035558522 -0.013560403545587235 0.0076488193628305948 -0.017894062956750504 0.001225592827701065 0.001454055998385407 -0.034847185986111633 0.016056867702826046 -0.033698703023133429 -0.042379692164651241 0.02395362744639621 0.014578778436170376
leaf_weight=749.46211683005095 392.98585551790893 2834.8328051045537 458.14257864747196 1662.358428588137 5322.3565567415208 764.04548465367407 2061.9979670904577 738.18611598666757 726.77742907684296 1506.0959839075804 679.04188861418515 165.04681072663516 326.6162223815918 1943.8920769691467
leaf_count=99422 18966 22253 43089 118448 84554 43537 62425 28898 80473 7178 75099 21644 1326 10271
internal_value=-0.000833314 0.00597375 -0.0330946 -0.00741629 0.0103244 -0.0254654 -0.00115011 0.00657263 -0.041932 0.0137636 -0.0305523 -0.0372187 0.0174642 0.0123443
internal_weight=20331.8 16789.3 3542.52 4117.34 12672 1901.23 2454.98 6060.54 1641.29 6611.44 1137.18 891.824 1832.71 4778.72
internal_count=717583 354319 363264 199839 154480 161725 81391 113452 201539 41028 118188 102117 8504 32524
is_linear=0
shrinkage=0.05


Tree=33
num_leaves=15
num_cat=0
split_feature=0 1 0 2 2 1 0 0 1 2 2 2 1 0
split_gain=1658.03 354.814 95.5145 84.9152 58.8786 28.5672 22.2796 17.7772 16.6686 13.0739 8.78143 7.16854 6.87199 6.26398
threshold=-3.0120232414520243 -2.7575180864296107 -4.4439091154851926 32.500000000000007 7.5000000000000009 -4.1486439696882043 -1.4423633933853888 -5.4252211689988163 -1.0000000180025095e-35 21.500000000000004 50.500000000000007 76.500000000000014 -3.7612356954842832 1.2018794546866181
decision_type=2 2 2 2 2 2 2 2 2 2 2 2 2 2
left_child=2 3 7 6 8 10 12 -1 13 -6 -4 -9 -2 -3
right_child=1 4 5 -5 9 -7 -8 11 -10 -11 -12 -13 -14 -15
leaf_value=-0.047384398080866821 -0.0074804385156890425 0.010014765409963813 -0.024515297612088847 -0.013440890754457964 0.0064989576317284045 -0.017297073067129753 0.0012796030695641808 -0.034281636953033517 0.016501336236211521 0.0012796030695641808 -0.033188569103782546 -0.042051172729221931 -0.0027896117287316818 0.013428782857803606
leaf_weight=715.20384877128527 444.71462173946202 4273.5999517217278 447.01730323582888 1471.2581125609577 3936.4496915880591 751.22730963025242 1472.516486809589 702.45048584928736 1842.4201819598675 739.19993341434747 656.93850145395845 158.29941973043606 706.72802496608347 1959.6575455442071
leaf_count=99422 23384 36779 43089 108798 69651 43537 39704 80473 8504 28898 75099 21644 27953 10648
internal_value=-0.000826773 0.00562562 -0.0325074 -0.00717863 0.00973784 -0.0248185 -0.00151999 -0.0415586 0.0123231 0.00527265 -0.0299368 -0.0367179 -0.00685883 0.0110881
internal_weight=20277.7 16846.5 3431.14 4095.22 12751.3 1855.18 2623.96 1575.95 8075.68 4675.65 1103.96 860.75 1151.44 6233.26
internal_count=717583 354319 363264 199839 154480 161725 91041 201539 55931 98549 118188 102117 51337 47427
is_linear=0
shrinkage=0.05


Tree=34
num_leaves=15
num_cat=0
split_feature=1 2 0 0 1 0 0 1 1 0 2 2 2 0
split_gain=1540.91 221.483 133.354 71.5869 44.3233 38.3292 25.8946 22.2909 15.4777 15.1005 14.5078 10.3439 8.80491 8.72938
threshold=-3.9321862550580593 23.500000000000004 -4.4439091154851926 -0.10609140983811693 -4.6463958017008915 -1.4986774466797663 -3.0120232414520243 -1.0000000180025095e-35 -2.4349621428474229 -5.4252211689988163 49.500000000000007 29.500000000000004 44.500000000000007 -2.1823421497086937
decision_type=2 2 2 2 2 2 2 2 2 2 2 2 2 2
left_child=2 3 9 6 10 11 -2 -5 -8 -1 -4 -3 -7 -6
right_child=1 5 4 7 13 12 8 -9 -10 -11 -12 -13 -14 -15
leaf_value=-0.047689285538601182 -7.3357076127503196e-06 -0.0061183153396765517 -0.0226035233799987 0.010005925513002363 -0.019120519681432017 -7.3357076127503196e-06 0.0027177861856630915 0.016520157472839744 0.007289826771198351 -0.037140755369192709 -0.032328510060525388 -0.011893320357407989 -0.0061183153396765517 -0.011893320357407989
leaf_weight=641.19416909385473 308.62497475836426 424.01667617820203 581.01930582150817 6109.4110682792962 614.96312942169607 880.76969908550382 1983.1742129474878 1672.8077934533358 3963.8488345369697 720.51439578318968 763.75274529587477 1018.5381320118904 80.748558794148266 461.22823742963374
leaf_count=96376 9651 20589 52053 53130 52203 33143 50336 7477 58943 95266 87548 70364 4872 25632
internal_value=-0.000816349 0.00580339 -0.02959 0.00820492 -0.0225492 -0.00821959 0.00422246 0.0114062 0.00544291 -0.0421078 -0.0286014 -0.0118933 -0.00034331 -0.0149866
internal_weight=20224.6 16441.9 3782.67 14037.9 2420.96 2404.07 6255.65 7782.22 5947.02 1361.71 1344.77 1442.55 961.518 1076.19
internal_count=717583 308505 409078 179537 217436 128968 118930 60607 109279 191642 139601 90953 38015 77835
is_linear=0
shrinkage=0.05


Tree=35
num_leaves=15
num_cat=0
split_feature=0 1 0 2 2 1 0 0 2 0 2 2 1 1
split_gain=1440.29 289.979 94.1504 77.1087 49.7455 26.076 21.506 18.5589 13.7257 10.7016 8.60385 8.15117 6.15501 4.82894
threshold=-3.0120232414520243 -2.7575180864296107 -4.4439091154851926 33.500000000000007 5.5000000000000009 -4.1486439696882043 -1.4423633933853888 -5.5200287612774224 16.500000000000004 1.5109616724668951 50.500000000000007 76.500000000000014 -3.7612356954842832 -0.32328576544983217
decision_type=2 2 2 2 2 2 2 2 2 2 2 2 2 2
left_child=2 3 7 6 9 10 12 -1 -6 -3 -4 -9 -2 -11
right_child=1 4 5 -5 8 -7 -8 11 -10 13 -12 -13 -14 -15
leaf_value=-0.047588267119432245 -0.0073617786672320121 0.010222156177570345 -0.023273214541541881 -0.013180173758932155 0.0067704498064320162 -0.01643311167965129 0.0010181826320313087 -0.033492329694560959 0.0012476513581883078 0.01232289971985367 -0.032232945268188408 -0.041850014120048379 -0.0028523811018258301 0.016191489320159756
leaf_weight=596.00716859521344 461.70082736201584 4425.4477941095829 427.08819062914699 1349.8443187167868 4684.7395629324019 733.16866265982389 1504.449283993803 697.79042544122785 1480.5502014104277 818.65607863664627 617.17936736205593 163.59669545898214 730.81383986398578 1486.3448456674814
leaf_count=90849 25328 30459 43089 103958 66573 43537 41000 86306 46879 4190 75099 24384 29553 6379
internal_value=-0.000812636 0.0050245 -0.0313848 -0.00665248 0.00868885 -0.0236608 -0.00154338 -0.0408051 0.00544419 0.0116611 -0.0287352 -0.0361118 -0.00672294 0.0144236
internal_weight=20177.4 16942.5 3234.83 4046.81 12895.7 1777.44 2696.96 1457.39 6165.29 6730.45 1044.27 861.387 1192.51 2305
internal_count=717583 354319 363264 199839 154480 161725 95881 201539 113452 41028 118188 110690 54881 10569
is_linear=0
shrinkage=0.05


Tree=36
num_leaves=15
num_cat=0
split_feature=0 1 0 2 2 1 0 0 0 2 2 2 1 1
split_gain=1336.73 262.864 93.8454 73.468 44.4315 30.5221 20.0884 15.4734 12.6721 9.81706 9.41973 7.19481 6.12478 5.18486
threshold=-3.0120232414520243 -2.7575180864296107 -4.6020927380434147 33.500000000000007 7.5000000000000009 -4.1486439696882043 -1.4423633933853888 -5.5200287612774224 1.5109616724668951 21.500000000000004 50.500000000000007 76.500000000000014 -3.7612356954842832 -0.32328576544983217
decision_type=2 2 2 2 2 2 2 2 2 2 2 2 2 2
left_child=2 3 7 6 8 10 12 -1 -3 -6 -4 -9 -2 -10
right_child=1 4 5 -5 9 -7 -8 11 13 -11 -12 -13 -14 -15
leaf_value=-0.047438732310898214 -0.0072453121466058666 0.0091575535575560141 -0.023218621419624465 -0.013018137786190504 0.0054021339922410766 -0.015907117480350359 0.00089457651433361986 -0.033405130730220126 0.011307137444983798 0.00089457651433361986 -0.032509513757331202 -0.041873152928035798 -0.0028137704494608467 0.01533577721714208
leaf_weight=568.68214843608439 458.45881512388587 5780.5167167149484 441.15556184388697 1332.6620840216056 4004.5386718548834 753.69047092553228 1505.8478038776666 549.87971657700837 944.16407489776611 739.90404307842255 682.38178806193173 142.386723568663 728.85080299526453 1492.334250845015
leaf_count=90849 25328 44444 46080 103958 69651 45637 41000 71463 5105 28898 87046 22189 29553 6382
internal_value=-0.000797035 0.00474152 -0.0307778 -0.00641873 0.00820788 -0.0236914 -0.00147249 -0.0413277 0.0104323 0.00435529 -0.0289132 -0.0363076 -0.00652212 0.0134567
internal_weight=20125.5 16987.3 3138.18 4025.82 12961.5 1877.23 2693.16 1260.95 8217.02 4744.44 1123.54 692.266 1187.31 2436.5
internal_count=717583 354319 363264 199839 154480 178763 95881 184501 55931 98549 133126 93652 54881 11487
is_linear=0
shrinkage=0.05


Tree=37
num_leaves=15
num_cat=0
split_feature=2 0 0 2 2 1 1 0 2 1 0 0 0 1
split_gain=1243.6 187.048 95.9833 77.5246 35.3166 23.312 19.5846 18.9836 16.4119 13.3219 11.9989 10.1793 9.57946 9.27856
threshold=38.500000000000007 -2.5032827593611175 -4.4439091154851926 10.500000000000002 50.500000000000007 -3.5586234366583271 -2.1903721044654012 -3.0120232414520243 74.500000000000014 -1.0000000180025095e-35 -3.2974674905993635 -0.7627742582158481 -5.3980281058323687 -2.5156413010569474
decision_type=2 2 2 2 2 2 2 2 2 2 2 2 2 2
left_child=1 7 8 6 10 -5 -3 -1 12 -8 -4 -7 -2 -9
right_child=2 3 4 5 -6 11 9 13 -10 -11 -12 -13 -14 -15
leaf_value=-0.012206731925894243 -0.041841186817697197 0.0051780645700428346 -0.022235516467913673 -0.0029695489172846022 -0.028779561488736713 0.00081355332452087172 0.0087402191371786717 -0.0076745294528780227 -0.047891847745474843 0.01348198478562272 -0.012206731925894243 0.0051780645700428346 -0.031535962437905705 -0.0029695489172846022
leaf_weight=802.30598945030943 271.6004923270084 974.5103069730103 274.51738935150206 844.79154374264181 1092.418864342384 2451.7576492177323 7144.8794221766293 391.64842341188341 456.68262077914551 1868.6344446837902 701.33717744518071 2153.702889341861 453.32451663399115 194.25939218699932
leaf_count=52884 45767 14513 28816 41618 122885 76742 58163 23021 77199 8477 55391 43254 64163 4690
internal_value=-0.00078327 0.00468568 -0.0290991 0.00626763 -0.0226043 0.00147116 0.00888497 -0.0122067 -0.0404676 0.00972326 -0.0156915 0.00302976 -0.0357905 -0.00314233
internal_weight=20076.4 16826.5 3249.88 15438.3 2068.27 5450.25 9988.02 1388.21 1181.61 9013.51 975.855 4605.46 724.925 585.908
internal_count=717583 323362 394221 242767 207092 161614 81153 80595 187129 66640 84207 119996 109930 27711
is_linear=0
shrinkage=0.05


Tree=38
num_leaves=15
num_cat=0
split_feature=0 1 0 2 1 2 0 0 1 0 2 0 2 2
split_gain=1155.28 223.009 92.9148 64.5931 29.6868 23.3385 17.545 16.1892 12.8683 10.8534 9.31171 8.69429 7.41065 7.20958
threshold=-3.0120232414520243 -3.5825878561551963 -4.6020927380434147 7.5000000000000009 -4.7644457458473548 26.500000000000004 -1.355507225966901 -5.5200287612774224 -2.2849012842882677 -0.7627742582158481 38.500000000000007 1.6915136315578383 76.500000000000014 50.500000000000007
decision_type=2 2 2 2 2 2 2 2 2 2 2 2 2 2
left_child=2 6 7 8 13 9 -2 -1 -3 -5 -6 -10 -9 -4
right_child=1 3 4 5 10 -7 -8 12 11 -11 -12 -13 -14 -15
leaf_value=-0.047141358058526282 -0.012684451323158812 0.005833257910178251 -0.023039993099079777 0.0014652608829719205 -0.012684451323158812 -0.0031717399083164332 -0.0031717399083164332 -0.032286618030177544 0.0087830706746334537 0.0058310482791828072 -0.021891923588544131 0.012576731198830394 -0.041218276830078282 -0.031515998307553174
leaf_weight=520.28513976605609 1377.3561921641231 407.56425270810723 292.43082037987188 2600.7814942467958 529.04251101799309 1100.638901643455 404.312909306027 516.83427301514894 6017.8061841502786 3145.0915424600244 450.58600917551666 2016.3081310465932 130.30701358243823 524.94088616641238
leaf_count=90849 102530 4838 32823 68113 27891 56109 18582 71463 43663 51185 45527 9299 22189 72522
internal_value=-0.000780335 0.00422325 -0.0295922 0.00617422 -0.0224573 0.00256541 -0.0125177 -0.0405747 0.00910111 0.00385494 -0.0165871 0.00973516 -0.0352952 -0.0294929
internal_weight=20034.3 17069.9 2964.43 15288.2 1797 6846.51 1781.67 1167.43 8441.68 5745.87 979.629 8034.11 647.141 817.372
internal_count=717583 354319 363264 233207 178763 175407 121112 184501 57800 119298 73418 52962 93652 105345
is_linear=0
shrinkage=0.05


Tree=39
num_leaves=15
num_cat=0
split_feature=2 0 2 2 0 0 1 0 2 0 0 0 1 0
split_gain=1076.05 179.481 88.8483 81.2355 33.045 26.1495 24.2318 16.9353 12.2395 8.59217 4.52681 4.49488 3.99793 3.28862
threshold=40.500000000000007 -3.0120232414520243 14.500000000000002 73.500000000000014 -4.4439091154851926 -1.2983695258895638 -2.1586855846182957 -2.1327585912402043 4.5000000000000009 1.5109616724668951 -5.5200287612774224 -5.1875697679890198 -5.5372353806548817 2.5768375980186855
decision_type=2 2 2 2 2 2 2 2 2 2 2 2 2 2
left_child=1 -1 6 4 11 -4 -3 12 9 -8 -5 -2 -6 -11
right_child=3 2 5 10 7 -7 8 -9 -10 13 -12 -13 -14 -15
leaf_value=-0.012568479596255811 -0.034859183968742199 0.0032721714867147544 -0.0036858414367109934 -0.050071967004721468 -0.027659484733587952 0.0029540399874711815 0.0084236549837370858 -0.012568479596255811 0.0063876536251487349 0.011294894494064619 -0.041446393549731342 -0.02901845710951699 -0.02190301351271395 0.015795224789311193
leaf_weight=849.74382496951148 293.09214664436877 1908.5189455617219 2120.4386655306444 261.15975892636925 318.64607519283891 2256.8397075086832 3585.240310177207 327.69795320089906 4198.394970741123 1666.2980991154909 364.2795879249461 332.866365917027 970.71411590604112 536.69246409833431
leaf_count=60328 52546 33514 103709 50179 42397 61947 22421 24251 48648 7493 53973 49302 104611 2264
internal_value=-0.000771583 0.0039765 0.0051968 -0.0291135 -0.0246703 -0.00089368 0.00743802 -0.0208944 0.00844295 0.00993372 -0.0450481 -0.0344246 -0.0235127 0.0123913
internal_weight=19990.6 17122.2 16272.4 2868.46 2243.02 4377.28 11895.1 1617.06 9986.63 5788.23 625.439 625.959 1289.36 2202.99
internal_count=717583 340324 279996 377259 273107 165656 114340 171259 80826 32178 104152 101848 147008 9757
is_linear=0
shrinkage=0.05


Tree=40
num_leaves=15
num_cat=0
split_feature=1 0 0 2 2 0 0 0 2 1 0 2 1 0
split_gain=1005.24 146.587 88.8177 84.4855 27.1752 26.4911 20.4307 16.2261 11.7191 9.15311 8.9796 7.22446 4.33877 4.29742
threshold=-4.1712261346290065 -3.0120232414520243 -4.4439091154851926 18.500000000000004 50.500000000000007 0.10843343824341536 -1.355507225966901 -5.4252211689988163 2.5000000000000004 -2.090269853623123 -2.4307373388051277 76.500000000000014 -6.1584678378663584 2.5768375980186855
decision_type=2 2 2 2 2 2 2 2 2 2 2 2 2 2
left_child=2 -2 7 5 10 9 -5 -1 13 -3 -4 -9 -6 -7
right_child=1 3 4 6 12 8 -8 11 -10 -11 -12 -13 -14 -15
leaf_value=-0.046740887803634237 -0.01236802868132721 0.0020673755334189589 -0.020053988535968535 -0.0037574982917438523 -0.03081883028452 0.010310166660593506 0.0020673755334189589 -0.031053839839795035 0.0070012853545343024 0.0057508758376844729 -0.01236802868132721 -0.040506781336173261 -0.025945033495610326 0.015640728714128842
leaf_weight=483.29141418682411 847.77132102195174 2356.2783176284283 608.2826122418046 1611.3826333843172 160.50805428251624 2453.6851878017187 1550.3631689082831 448.80182466283441 4210.1215281672776 3667.1103159189224 369.72095541190356 118.37830719398335 617.38105433806777 446.97083209455013
leaf_count=95483 57519 47948 63002 87747 23090 11565 52858 71377 35920 43780 24642 21600 79226 1826
internal_value=-0.000768315 0.0037727 -0.0285088 0.00485303 -0.0216287 0.00661941 -0.00248466 -0.0400089 0.00868613 0.0041796 -0.0160812 -0.0342727 -0.0286033 0.0111316
internal_weight=19950 17143.7 2806.36 16295.9 1755.89 13134.2 3161.75 1050.47 7110.78 6023.39 978.004 567.18 777.889 2900.66
internal_count=717583 339163 378420 281644 189960 141039 140605 188460 49311 91728 87644 92977 102316 13391
is_linear=0
shrinkage=0.05


Tree=41
num_leaves=15
num_cat=0
split_feature=2 0 2 1 0 2 0 0 0 2 1 0 0 1
split_gain=930.996 155.263 80.9323 73.0733 31.4455 25.7558 19.1967 15.2536 7.19427 5.60353 5.29264 4.84003 4.80164 3.7424
threshold=40.500000000000007 -3.0120232414520243 73.500000000000014 -2.7575180864296107 -4.4439091154851926 5.5000000000000009 -1.0726682584797402 -2.1327585912402043 2.5768375980186855 14.500000000000002 -0.17009775752386244 -5.1875697679890198 -5.5200287612774224 -5.5372353806548817
decision_type=2 2 2 2 2 2 2 2 2 2 2 2 2 2
left_child=1 -1 4 6 11 8 -3 13 -5 -7 -10 -2 -4 -6
right_child=2 3 12 5 7 9 -8 -9 10 -11 -12 -13 -14 -15
leaf_value=-0.012199751366991567 -0.034021496157524943 -0.0037742267367831374 -0.050028555917843033 0.0079150019472476359 -0.026544885780873714 0.0049744897045930804 0.0020575545862828747 -0.012199751366991567 0.010879269664777121 0.0020575545862828747 0.017589211676442694 -0.027747738731690258 -0.040755134199886481 -0.020760255859049767
leaf_weight=826.59562901221216 272.09896769095212 1995.1254659360275 237.33954203501344 6361.7173904553056 302.26705433800817 4343.9765332192183 1169.5462640197948 321.6488155098632 153.99372091889381 1936.4239575378597 402.48798370361328 314.41468081437051 338.92088553123176 933.954089559149
leaf_count=60328 52546 96819 50179 38661 42397 57303 30812 24251 746 54034 1621 49302 53973 104611
internal_value=-0.000761866 0.00353946 -0.027939 0.0046513 -0.0234685 0.00628742 -0.00217231 -0.0197534 0.00839188 0.00396924 0.0138435 -0.0333364 -0.0445745 -0.0223363
internal_weight=19910.5 17189.9 2720.64 16363.3 2144.38 13198.6 3164.67 1557.87 6918.2 6280.4 556.482 586.514 576.26 1236.22
internal_count=717583 340324 377259 279996 273107 152365 127631 171259 41028 111337 2367 101848 104152 147008
is_linear=0
shrinkage=0.05


Tree=42
num_leaves=15
num_cat=0
split_feature=1 0 0 2 2 0 0 0 1 0 2 1 1 2
split_gain=869.906 124.991 86.6623 69.384 25.2959 22.0813 19.3835 16.82 10.0146 8.46723 7.43016 7.41762 4.51031 3.60647
threshold=-4.1712261346290065 -3.0120232414520243 -4.4439091154851926 18.500000000000004 50.500000000000007 0.10843343824341536 -1.355507225966901 -5.4252211689988163 -1.0000000180025095e-35 -3.2974674905993635 76.500000000000014 -2.090269853623123 -6.1584678378663584 47.500000000000007
decision_type=2 2 2 2 2 2 2 2 2 2 2 2 2 2
left_child=2 -2 7 5 9 11 -5 -1 -7 -4 -9 -3 -6 -8
right_child=1 3 4 6 12 8 13 10 -10 -11 -12 -13 -14 -15
leaf_value=-0.046398822731224185 -0.011984300581404927 0.0018017964785627259 -0.021258654966411467 -0.0038214789083417383 -0.029841085680527565 0.0067802533145108757 0.0018017964785627259 -0.029877386097176512 0.011205839880672353 -0.012084654538821321 -0.039805418096248858 0.0051149183457096063 -0.024691222049875592 -0.0010098412148895062
leaf_weight=442.91801015194505 825.19838236086071 2365.0513642225415 269.93328298814595 1598.3969354256988 150.90122996270657 5499.2055925577879 1492.6069274619222 423.35998044349253 1665.428298830986 681.28495366126299 109.23321156203747 3699.9041586779058 587.72082167584449 60.404814735986292
leaf_count=95483 57519 47948 32180 87747 23090 42099 48740 71377 7212 55464 21600 43780 79226 4118
internal_value=-0.000752992 0.00336443 -0.027333 0.00434134 -0.0204829 0.00592956 -0.00232596 -0.0391993 0.00780899 -0.0150922 -0.033212 0.00370935 -0.0274251 0.0018018
internal_weight=19871.5 17206.2 2665.35 16381 1689.84 13229.6 3151.41 975.511 7164.63 951.218 532.593 6064.96 738.622 1553.01
internal_count=717583 339163 378420 281644 189960 141039 140605 188460 49311 87644 92977 91728 102316 52858
is_linear=0
shrinkage=0.05


Tree=43
num_leaves=15
num_cat=0
split_feature=1 2 0 2 0 2 1 0 0 2 0 2 2 2
split_gain=808.493 141.175 68.5827 54.8242 32.7776 26.4721 13.895 12.3417 7.77106 5.69553 4.7637 4.65509 3.52272 3.44498
threshold=-4.3720561522295034 38.500000000000007 -5.2755596532410625 9.5000000000000018 -2.0588203998521566 74.500000000000014 -2.2849012842882677 -3.204309248694436 0.29018452332313793 2.5000000000000004 -0.89050600004693381 15.500000000000002 71.500000000000014 16.500000000000004
decision_type=2 2 2 2 2 2 2 2 2 2 2 2 2 2
left_child=2 3 12 6 -5 7 -2 -4 -8 -10 11 -6 -1 -9
right_child=1 -3 5 4 10 -7 8 13 9 -11 -12 -13 -14 -15
leaf_value=-0.040129888520371387 0.0034343201910839089 -0.012777984247793832 -0.025332653840030545 -0.0043807363340218246 0.0020437986507994658 -0.034667249663185282 0.0052421723177537415 -0.012777984247793832 0.0097811588181491195 0.0066974167982462559 0.0034343201910839089 -0.001018345675116277 -0.048816000443183905 -0.0181462442773964
leaf_weight=197.74794256826863 732.25721266306937 945.60563272703439 947.09161506220698 1330.9473073710687 715.4616513159126 226.1159506784752 3354.8330046571791 55.849256377667189 2798.2740621566772 3043.4678949788213 2954.327554082498 1640.5169402612373 284.88967115711421 608.04727931180969
leaf_count=42104 10653 83796 142760 69729 15757 38996 31798 2094 12652 20896 58685 60640 65392 61631
internal_value=-0.000745603 0.00292801 -0.028484 0.00401651 0.000499954 -0.0240774 0.00636869 -0.0216686 0.00705002 0.00815266 0.00234404 0.000653277 -0.0452571 -0.0164415
internal_weight=19835.4 17515.7 2319.74 16570.1 6641.25 1837.1 9928.83 1610.99 9196.57 5841.74 5310.31 2355.98 482.638 663.897
internal_count=717583 364606 352977 280810 204811 245481 75999 206485 65346 33548 135082 76397 107496 63725
is_linear=0
shrinkage=0.05


Tree=44
num_leaves=15
num_cat=0
split_feature=0 1 0 2 1 2 0 0 2 0 2 2 0 2
split_gain=751.699 134.163 87.8499 34.3504 24.9664 18.8613 17.8263 14.5718 7.91514 7.07904 7.00078 6.42958 5.75875 4.69134
threshold=-3.0120232414520243 -3.6043309945099855 -4.6020927380434147 4.5000000000000009 -4.7644457458473548 26.500000000000004 -5.5200287612774224 -1.355507225966901 76.500000000000014 1.5109616724668951 50.500000000000007 38.500000000000007 -2.0845161329239352 15.500000000000002
decision_type=2 2 2 2 2 2 2 2 2 2 2 2 2 2
left_child=2 7 6 9 10 12 -1 13 -8 -3 -4 -6 -5 -2
right_child=1 3 4 5 11 -7 8 -9 -10 -11 -12 -13 -14 -15
leaf_value=-0.046157335557130398 -0.0073064064421285288 0.006075834030958828 -0.019740512665615606 0.0001532915012955107 -0.011544854931791124 -0.0030679579524659347 -0.028981359676922593 -0.0030679579524659347 -0.039211376784707021 0.0096170245775927532 -0.028583239133067026 -0.018471798658078221 0.0037579843440597102 -0.011544854931791124
leaf_weight=403.04438660759479 105.97347815148532 3831.4160454049706 258.81471809837967 591.66831307858229 496.36127230431885 1103.5432412065566 438.37744923029095 378.70647040568292 102.38443747907877 2234.278180077672 444.03821581881493 403.16836203401908 7846.1788559537381 1160.440329246223
leaf_count=90849 3559 23830 32823 18111 27891 57373 71463 17935 22189 9780 72522 45527 126122 97609
internal_value=-0.000736133 0.00300669 -0.0260964 0.00443823 -0.0189686 0.00256794 -0.0381978 -0.0105741 -0.0322654 0.00738022 -0.0260292 -0.0134518 0.00337454 -0.0115449
internal_weight=19798.4 17252.2 2546.19 15607.1 1602.38 9541.39 943.806 1645.12 540.762 6065.69 702.853 899.53 8437.85 1266.41
internal_count=717583 354319 363264 235216 178763 201606 184501 119103 93652 33610 105345 73418 144233 101168
is_linear=0
shrinkage=0.05


Tree=45
num_leaves=15
num_cat=0
split_feature=1 2 0 2 0 2 1 0 1 0 0 2 2 0
split_gain=699.311 121.547 67.773 43.9282 28.4595 26.5879 12.1932 11.1888 6.4607 4.03432 3.82409 4.01386 3.78756 3.46191
threshold=-4.3720561522295034 38.500000000000007 -5.2755596532410625 9.5000000000000018 -2.0588203998521566 74.500000000000014 -2.2849012842882677 -3.204309248694436 -1.0000000180025095e-35 2.5768375980186855 -0.89050600004693381 15.500000000000002 71.500000000000014 0.66398116559533416
decision_type=2 2 2 2 2 2 2 2 2 2 2 2 2 2
left_child=2 3 12 6 -5 7 -2 -4 13 -10 11 -6 -1 -8
right_child=1 -3 5 4 10 -7 8 -9 9 -11 -12 -13 -14 -15
leaf_value=-0.039260136622848413 0.0030813688421922236 -0.012333475957218232 -0.024038025403086451 -0.0043622168967011599 0.0018524390916078073 -0.033833051711706759 0.0047184774692409989 -0.015410986631524945 0.0078922520377698053 0.013959486633764215 0.0030813688421922236 -0.0010282640954238685 -0.048660525024295478 0.0068555642946076956
leaf_weight=182.40297646261752 735.89226931892335 922.73283765744418 901.08316951338202 1316.5568967275321 718.82857064343989 212.6603665756993 3956.7949761077762 644.76851644646376 1583.8792832046747 331.29482316970825 2970.9528463762254 1638.1821172069758 259.73945911810733 3383.3475456833839
leaf_count=42104 10653 83796 142760 69729 15757 38996 36980 63725 7197 1326 58685 60640 65392 19843
internal_value=-0.000713601 0.00261647 -0.0272834 0.00360904 0.000458409 -0.0228836 0.00570433 -0.0204397 0.00635559 0.00894179 0.00214428 0.000623509 -0.0447825 0.0056808
internal_weight=19759.1 17558.5 2200.65 16635.7 6644.52 1758.51 9991.21 1545.85 9255.32 1915.17 5327.96 2357.01 442.142 7340.14
internal_count=717583 364606 352977 280810 204811 245481 75999 206485 65346 8523 135082 76397 107496 56823
is_linear=0
shrinkage=0.05


Tree=46
num_leaves=15
num_cat=0
split_feature=0 1 0 1 1 0 2 2 2 2 0 2 0 2
split_gain=649.66 115.422 81.372 28.4035 21.9128 18.1989 14.3615 14.3607 8.33239 8.05467 7.50222 5.65069 5.26015 4.36445
threshold=-3.0590583565846807 -3.6043309945099855 -4.6020927380434147 -1.4411312377912064 -4.6244206486568036 -5.5200287612774224 37.500000000000007 27.500000000000004 3.5000000000000004 76.500000000000014 -2.2072288143437651 50.500000000000007 2.5768375980186855 38.500000000000007
decision_type=2 2 2 2 2 2 2 2 2 2 2 2 2 2
left_child=2 6 5 7 11 -1 10 -3 12 -7 -2 -4 -5 -6
right_child=1 3 4 8 13 9 -8 -9 -10 -11 -12 -13 -14 -15
leaf_value=-0.045767940048192735 -0.008131975484300882 0.0026712199713089264 -0.018759309101617459 0.0068752655718303905 -0.011311122982477774 -0.027833788764911483 -0.011311122982477774 -0.0029772941468612173 0.0041529938815390846 -0.038485923661397685 -0.0029772941468612173 -0.027726033451743855 0.012268717011891099 -0.017229479470172865
leaf_weight=369.54979882505722 294.54830976668745 6895.6423774575815 260.57007505465299 4094.9794971048832 449.89501349395141 416.38081603543833 684.94128768099472 992.34885815810412 3213.8292138427496 94.845887630712241 672.00476250331849 436.65880756312981 508.168771058321 340.001946026925
leaf_count=90849 21585 128350 34532 21043 25155 71463 71162 53736 31420 22189 30448 75053 2092 38506
internal_value=-0.000703235 0.00264845 -0.0252707 0.00397066 -0.0181375 -0.0373146 -0.00992525 0.00185389 0.00610667 -0.0312039 -0.00495283 -0.0245976 0.00747068 -0.0124352
internal_weight=19724.4 17356.5 2367.9 15705 1487.13 880.777 1651.49 7887.99 7816.98 511.227 966.553 697.229 4603.15 789.897
internal_count=717583 359836 357747 236641 173246 184501 123195 182086 54555 93652 52033 109585 23135 63661
is_linear=0
shrinkage=0.05


Tree=47
num_leaves=15
num_cat=0
split_feature=1 2 0 2 2 0 1 0 0 2 2 0 2 1
split_gain=604.731 104.247 66.5146 35.3329 26.5137 24.9328 10.6735 9.82693 5.48388 4.06328 4.02076 3.14617 3.52816 3.11445
threshold=-4.3720561522295034 38.500000000000007 -5.2755596532410625 9.5000000000000018 74.500000000000014 -2.0588203998521566 -2.2849012842882677 -3.204309248694436 0.29018452332313793 71.500000000000014 2.5000000000000004 -0.89050600004693381 15.500000000000002 -6.429714558161864
decision_type=2 2 2 2 2 2 2 2 2 2 2 2 2 2
left_child=2 3 9 6 7 -5 -2 -4 -8 13 -10 12 -7 -1
right_child=1 -3 4 5 -6 11 8 -9 10 -11 -12 -13 -14 -15
leaf_value=-0.043416344971416304 0.0027641506537169603 -0.011874980483515056 -0.022732602388066261 -0.0043163250444751859 -0.032997130097568848 0.0016727256341506781 0.0042494735252886148 -0.014506541608070543 0.0080209317705020825 -0.048494720128506807 0.0054532241442981147 0.0027641506537169603 -0.00099269900556959632 -0.032997130097568848
leaf_weight=100.40808656439185 738.71534701623023 900.95607489906251 858.95683201914653 1304.7719843727536 200.23724079551175 721.65800664015114 3399.387971162796 628.85491807200015 2823.0695728212595 236.94535230309702 3085.035726852715 2984.908422361128 1637.0020976671949 68.086564413271844
leaf_count=25566 10653 83796 142760 69729 38996 15757 31798 63725 12652 65392 20896 58685 60640 16538
internal_value=-0.000684171 0.00233838 -0.0260883 0.00324233 -0.0217205 0.000414738 0.00511356 -0.0192557 0.0057348 -0.0442737 0.00665697 0.00196963 0.000581301 -0.038338
internal_weight=19689 17595.5 2093.49 16694.5 1688.05 6648.34 10046.2 1487.81 9307.49 405.44 5908.11 5343.57 2358.66 168.495
internal_count=717583 364606 352977 280810 245481 204811 75999 206485 65346 107496 33548 135082 76397 42104
is_linear=0
shrinkage=0.05


Tree=48
num_leaves=15
num_cat=0
split_feature=2 0 2 1 0 0 2 0 0 1 0 1 1 0
split_gain=562.671 111.103 68.5237 39.3022 22.3847 15.4603 12.5736 7.4303 4.4284 4.21301 3.94201 3.22868 2.93863 2.23417
threshold=43.500000000000007 -3.0120232414520243 74.500000000000014 -2.7575180864296107 -5.2159361289718733 -1.5285520000470518 5.5000000000000009 -2.3565899792828975 2.5768375980186855 -0.17009775752386244 -5.5200287612774224 -5.5372353806548817 -1.2291175119930158 -4.3119935362083615
decision_type=2 2 2 2 2 2 2 2 2 2 2 2 2 2
left_child=1 -1 4 5 -2 -3 8 11 -5 -10 -4 -6 -8 -13
right_child=2 3 10 6 7 -7 12 -9 9 -11 -12 13 -14 -15
leaf_value=-0.011602195408508084 -0.032316135717623179 -0.0042317200332775782 -0.049860050239943471 0.0054188845623833349 -0.023952897335790879 0.0012767730192397306 0.0022036985679835214 -0.011602195408508084 0.0077331789861343307 0.013522377720394033 -0.0398032169863764 -0.021184787981456631 0.0042577155186440683 -0.016900696092818034
leaf_weight=850.31556634535082 208.16860292898491 1456.4895224357024 160.49318164330907 6504.8247648477554 402.56236732844263 1814.0520698996261 5294.5219133179635 275.31650493852794 157.38201239705086 403.97392404079437 248.01732998201624 139.28837949316949 1118.8176663331687 622.27180670481175
leaf_count=72924 53021 84811 47250 38661 72641 54677 99600 24915 746 1621 49409 23312 12718 81277
internal_value=-0.000672725 0.00221867 -0.0254231 0.00313876 -0.020878 -0.00177822 0.00433176 -0.0185819 0.00578659 0.0100475 -0.0437543 -0.0203311 0.00272884 -0.0184167
internal_weight=19656.5 17600.4 2056.12 16750.1 1647.61 3270.54 13479.5 1439.44 7066.18 561.356 408.511 1164.12 6413.34 761.56
internal_count=717583 365758 351825 292834 255166 139488 153346 202145 41028 2367 96659 177230 112318 104589
is_linear=0
shrinkage=0.05


Tree=49
num_leaves=15
num_cat=0
split_feature=1 2 0 0 2 2 1 0 0 0 2 1 2 2
split_gain=526.247 100.504 55.0257 33.554 23.7904 21.144 8.45163 7.79431 6.28693 6.09133 4.42654 4.36815 3.72092 3.69295
threshold=-4.6244206486568036 38.500000000000007 -5.2755596532410625 -3.0120232414520243 10.500000000000002 74.500000000000014 -2.2849012842882677 -0.89050600004693381 -1.7741169220942108 -3.2974674905993635 49.500000000000007 -1.0000000180025095e-35 71.500000000000014 48.500000000000007
decision_type=2 2 2 2 2 2 2 2 2 2 2 2 2 2
left_child=2 3 12 -2 6 9 -5 -6 -3 -4 -11 -8 -1 -10
right_child=1 8 5 4 7 -7 11 -9 13 10 -12 -13 -14 -15
leaf_value=-0.038296142555791751 -0.0049024986167442173 -0.012611924310235393 -0.022767640472529018 0.0026774892565157027 -0.00082446540067566585 -0.033371775087347087 0.0047007945710969582 0.0026774892565157027 -0.0049024986167442173 -0.012611924310235393 -0.019082211311508765 0.0073628573383414248 -0.048535159623867591 -0.0087572114634898047
leaf_weight=151.29831275925972 535.68654041970149 786.70887477695942 708.22498335922137 878.21979231201112 3167.5933682443574 179.3927461351268 7721.7578563541174 2638.149825357832 164.78622554987669 303.5825152262114 160.30700131552294 1925.1986143738031 214.56434623035602 90.139689391478896
leaf_count=40672 31835 87773 125802 13191 121432 37990 60816 54006 10734 29599 22705 8504 65067 7457
internal_value=-0.00066008 0.00187539 -0.0270992 0.00280693 0.00325357 -0.0224426 0.00467093 0.000684052 -0.0126119 -0.0198505 -0.0153968 0.00523205 -0.0443009 -0.0049025
internal_weight=19625.6 17908.2 1717.37 16866.6 16330.9 1351.51 10525.2 5805.74 1041.63 1172.11 463.89 9646.96 365.863 254.926
internal_count=717583 395748 321835 289784 257949 216096 82511 175438 105964 178106 52304 69320 105739 18191
is_linear=0
shrinkage=0.05


Tree=50
num_leaves=15
num_cat=0
split_feature=1 0 0 1 2 0 2 0 0 2 2 2 2 1
split_gain=488.039 93.6605 54.5307 42.7825 20.9885 14.3324 10.4709 5.80511 4.85053 4.22083 3.83644 3.80134 2.92613 2.61756
threshold=-4.6244206486568036 -3.0120232414520243 -5.2755596532410625 -2.7575180864296107 74.500000000000014 -1.4423633933853888 4.5000000000000009 -3.2974674905993635 1.5109616724668951 49.500000000000007 71.500000000000014 21.500000000000004 48.500000000000007 -6.429714558161864
decision_type=2 2 2 2 2 2 2 2 2 2 2 2 2 2
left_child=2 -2 10 5 7 -3 8 -4 -5 -9 13 -8 -7 -1
right_child=1 3 4 6 -6 12 11 9 -10 -11 -12 -13 -14 -15
leaf_value=-0.043137352996561538 -0.01236460975951546 -0.0048783133722901766 -0.022134393547841764 0.004324989046122522 -0.032934101813905138 0.00074077017678055501 0.0030418046262827812 -0.01236460975951546 0.0072432973998381488 -0.018504606958860824 -0.048446692691380952 0.00074077017678055501 -0.0020687715977548106 -0.032934101813905138
leaf_weight=89.890911002643406 944.91600449336693 1637.8150570662692 692.46906515210867 3858.7398997396231 173.56136896298267 1721.5664489399642 6704.3186770100147 299.87014431972057 2256.4985814243555 157.31987310294062 204.46336063020863 739.54936573002487 63.07676415797323 55.764916863758117
leaf_count=25566 84602 99907 125802 23431 37990 51524 92372 29599 9779 22705 65067 28898 5235 15106
internal_value=-0.000657786 0.00175276 -0.026482 0.00260798 -0.0218391 -0.0023873 0.00386885 -0.0192474 0.00540183 -0.0148748 -0.0440291 0.00260947 0.00074077 -0.037828
internal_weight=19599.8 17926.5 1673.34 16981.6 1323.22 3422.46 13559.1 1149.66 6115.24 457.19 350.119 7443.87 1784.64 145.656
internal_count=717583 395748 321835 311146 216096 156666 154480 178106 33210 52304 105739 121270 56759 40672
is_linear=0
shrinkage=0.05


Tree=51
num_leaves=15
num_cat=0
split_feature=2 0 2 1 0 2 2 0 0 1 0 0 1 0
split_gain=452.786 101.537 57.6108 33.9021 18.3683 14.7224 5.01684 4.54314 4.24967 3.98717 3.1252 2.61513 2.61023 2.52688
threshold=46.500000000000007 -3.0120232414520243 74.500000000000014 -3.7612356954842832 -5.1875697679890198 4.5000000000000009 21.500000000000004 1.5109616724668951 -5.5200287612774224 -5.5372353806548817 -1.2712582706638835 -1.4708501830463228 -2.491269552024193 -4.3119935362083615
decision_type=2 2 2 2 2 2 2 2 2 2 2 2 2 2
left_child=1 -1 4 11 -2 7 12 -5 -4 -6 -8 -3 -7 -11
right_child=2 3 8 5 9 6 10 -9 -10 13 -12 -13 -14 -15
leaf_value=-0.011760770013642485 -0.031689905221317365 -0.0045797173994344019 -0.049788324792608717 0.0040477303175788255 -0.022503375571434312 0.001083325374789183 -0.00070688279523337366 0.0068631045631950272 -0.038654710930101539 -0.019312725008541892 0.001083325374789183 -0.00070688279523337366 0.003024214114870253 -0.014718196888930399
leaf_weight=914.62519954517484 186.47074685571715 706.94487305311486 138.83203162997961 3914.2213110029697 351.2037023678422 1871.4886476062238 1013.0061301309615 2260.4259109646082 223.98702084366232 119.00531789567322 882.73452012427151 260.95817117858678 6036.9706293977797 688.84622183069587
leaf_count=87214 52469 53003 47250 23862 67924 42536 53488 9780 49409 21225 30381 11407 79513 88122
internal_value=-0.000640822 0.00171127 -0.0252328 0.00260134 -0.0204648 0.00316595 0.00196151 0.00507839 -0.042915 -0.0180557 -0.000348618 -0.00457972 0.00251527 -0.0161221
internal_weight=19569.7 17861.4 1708.35 16946.8 1345.53 15978.8 9804.2 6174.65 362.819 1159.06 1895.74 967.903 7908.46 807.852
internal_count=717583 391184 326399 303970 229740 239560 205918 33642 96659 177271 83869 64410 122049 109347
is_linear=0
shrinkage=0.05


Tree=52
num_leaves=15
num_cat=0
split_feature=1 2 0 0 2 1 2 0 0 2 0 2 0 1
split_gain=423.419 80.3521 53.42 28.7944 20.1878 17.7242 8.13556 5.20517 4.93921 4.02023 3.99053 3.77434 3.41627 3.78687
threshold=-4.6244206486568036 39.500000000000007 -5.2755596532410625 -3.0120232414520243 74.500000000000014 -2.7575180864296107 5.5000000000000009 -3.2974674905993635 -1.0726682584797402 71.500000000000014 -1.355507225966901 49.500000000000007 2.5768375980186855 -0.17009775752386244
decision_type=2 2 2 2 2 2 2 2 2 2 2 2 2 2
left_child=2 3 9 -2 7 8 12 -4 -5 -1 -3 -9 -7 -14
right_child=1 10 4 5 -6 6 -8 11 -10 -11 -12 -13 13 -15
leaf_value=-0.036964077244260762 -0.0047646012980267658 -0.011876414497221419 -0.02097391124130887 -0.001002888701746533 -0.032100498362673167 0.0043600292470408189 0.0022293456435867709 -0.011876414497221419 0.0013633532834043634 -0.048265362147955536 -0.0047646012980267658 -0.017484041946859364 0.0063890590913378599 0.011788563782816728
leaf_weight=136.25878710462712 538.8699571006 792.729917593766 665.31590395746753 1723.4819504283369 161.67777292430401 6566.6177878752351 6445.2845883164555 294.32449448294938 1175.6560932863504 186.26677543763071 142.59751496091485 151.96897698473185 158.86253623664379 404.23854640126228
leaf_count=40672 33614 89974 125802 79853 37990 38661 110874 29599 30158 65067 10247 22705 746 1621
internal_value=-0.000632989 0.00156146 -0.0253143 0.00234721 -0.0207101 0.00275882 0.00351673 -0.0181717 -0.000790025 -0.0434909 -0.0118764 -0.0139942 0.00468053 0.00841809
internal_weight=19544.2 17948.3 1595.81 17013 1273.29 16474.1 13575 1111.61 2899.14 322.526 935.327 446.293 7129.72 563.101
internal_count=717583 395748 321835 295527 216096 261913 151902 178106 110011 105739 100221 52304 41028 2367
is_linear=0
shrinkage=0.05


Tree=53
num_leaves=15
num_cat=0
split_feature=1 2 0 0 2 2 1 0 0 2 1 2 1 0
split_gain=392.12 74.0847 52.7271 28.3034 19.9704 16.6375 7.39533 5.88468 4.95054 4.13548 3.86528 3.57315 2.73565 2.63792
threshold=-4.6244206486568036 40.500000000000007 -5.2755596532410625 -3.0120232414520243 74.500000000000014 14.500000000000002 -2.1586855846182957 -0.89050600004693381 -3.2974674905993635 71.500000000000014 -1.0000000180025095e-35 49.500000000000007 -6.429714558161864 -1.7741169220942108
decision_type=2 2 2 2 2 2 2 2 2 2 2 2 2 2
left_child=2 3 9 -2 8 6 -5 -7 -4 12 -8 -10 -1 -3
right_child=1 13 4 5 -6 7 10 -9 11 -11 -12 -13 -14 -15
leaf_value=-0.042314974613095628 -0.0047185770231076198 -0.011616915860345259 -0.020353811642666489 0.0016959868422759998 -0.031653859900068172 -0.001062976044240004 0.0036251998719520925 0.0016959868422759998 -0.011616915860345259 -0.048166177502079688 0.0061018212596879434 -0.01692230808217279 -0.031653859900068172 -0.005181726581959846
leaf_weight=80.691835037432611 554.05291073070839 655.15364928613417 651.65918325819075 1938.8717592768371 156.61444724886678 2634.1327014379203 8479.5941679850221 1567.9338517840952 290.93161734938622 177.53822729270905 1934.936733931303 149.37042961223051 50.655319022014737 197.74663841212168
leaf_count=25566 35427 79386 125802 32724 37990 113899 72322 38244 29599 65067 8504 22705 15106 15242
internal_value=-0.000626988 0.00145974 -0.0246936 0.00217976 -0.0201177 0.00259262 0.00351707 -0.000125097 -0.0175865 -0.04319 0.00408534 -0.0134908 -0.0364638 -0.0116169
internal_weight=19519.9 17962.4 1557.46 17109.5 1248.58 16555.5 12353.4 4202.07 1091.96 308.885 10414.5 440.302 131.347 852.9
internal_count=717583 395748 321835 301120 216096 265693 113550 152143 178106 105739 80826 52304 40672 94628
is_linear=0
shrinkage=0.05


Tree=54
num_leaves=15
num_cat=0
split_feature=0 2 0 1 2 2 1 0 0 0 0 2 1 2
split_gain=364.545 69.2673 64.8991 24.4369 19.3068 11.7373 9.30091 6.49037 6.37148 4.45573 3.80928 3.51482 2.38929 1.73379
threshold=-3.204309248694436 44.500000000000007 -5.1875697679890198 -3.9321862550580593 74.500000000000014 4.5000000000000009 -4.6244206486568036 -5.6880986482067106 -1.4986774466797663 -4.391846229205119 1.5109616724668951 77.500000000000014 -1.8796864383319609 72.500000000000014
decision_type=2 2 2 2 2 2 2 2 2 2 2 2 2 2
left_child=2 3 7 -2 6 10 -4 13 12 -8 -5 -9 -7 -1
right_child=1 -3 4 5 -6 8 9 11 -10 -11 -12 -13 -14 -15
leaf_value=-0.040932947453969623 -0.0039630044371680882 -0.01012193554668115 -0.019400686156057907 0.0033965693603075922 -0.028531331712015447 -0.00066928190286894137 -0.015239183835224424 -0.028531331712015447 0.0022367433414753166 -0.01012193554668115 0.0059675474653693231 -0.038939064670417869 0.00078373071930318771 -0.049707028386848852
leaf_weight=107.44863315322436 743.18103537382558 572.06226810254157 652.59492742130533 3948.9732997827232 107.08631249796599 1772.4884362341836 123.1446516001597 123.64497761242092 7925.9194346666336 568.02447687694803 2268.3091455996037 35.570510003250092 430.50638325884938 118.28490589768626
leaf_count=30645 54524 68910 126386 23948 28720 77472 13571 32378 134213 49857 9780 12855 8139 46185
internal_value=-0.000621036 0.0015832 -0.0218271 0.00219593 -0.0169846 0.00262444 -0.0151197 -0.0400781 0.00157474 -0.0110777 0.00433456 -0.0323475 -0.000669282 -0.0455306
internal_weight=19497.2 17661.4 1835.8 17089.4 1450.85 16346.2 1343.76 384.949 10128.9 691.169 6217.28 159.215 2202.99 225.734
internal_count=717583 376986 340597 308076 218534 253552 189814 122063 219824 63428 33728 45233 85611 76830
is_linear=0
shrinkage=0.05


Tree=55
num_leaves=15
num_cat=0
split_feature=2 0 2 1 0 1 0 0 2 0 1 1 2 2
split_gain=338.8 79.833 52.8391 25.4669 15.4734 11.2143 5.3408 4.58489 4.5341 3.30228 3.04378 2.51668 2.30604 2.07089
threshold=47.500000000000007 -3.204309248694436 74.500000000000014 -3.9321862550580593 -5.2755596532410625 -1.4411312377912064 -2.0845161329239352 -5.5200287612774224 3.5000000000000004 2.1700093957610567 -5.5111378414079066 -0.32328576544983217 23.500000000000004 68.500000000000014
decision_type=2 2 2 2 2 2 2 2 2 2 2 2 2 2
left_child=1 -1 4 -3 -2 6 -5 -4 9 -7 -6 -11 -8 -12
right_child=2 3 7 5 10 8 12 -9 -10 11 13 -13 -14 -15
leaf_value=-0.011073437862892874 -0.030173338286779452 -0.0045336246994981105 -0.049686082859938085 -0.0010432872303083886 -0.02037486578795494 0.0041170046290884719 0.0021010639379848892 -0.037120632740930713 0.0024843834720560494 0.0057587981642976509 -0.013358975855636869 0.0091070092104795445 0.00031781037240319115 -0.017483970903388584
leaf_weight=745.01977711822838 142.05811354285106 801.0047003198415 114.55066890269518 1023.9686163179576 334.81291328975931 3721.3421619832516 6138.5544916819781 198.21172467595898 3294.2573569864035 171.02812780439854 653.50128851947375 793.03206643462181 1286.4509946331382 57.553110041888431
leaf_count=79451 47183 61627 47250 48534 70910 19152 100160 49409 31493 762 93148 3241 55237 10026
internal_value=-0.000614403 0.00129112 -0.023438 0.00200619 -0.0186239 0.00244705 0.00117751 -0.0417228 0.00379126 0.00479263 -0.016444 0.00740059 0.00167891 -0.0145931
internal_weight=19475.3 17974.7 1500.69 17229.6 1187.93 16428.6 8448.97 312.762 7979.66 4685.4 1045.87 964.06 7425.01 711.054
internal_count=717583 399657 317926 320206 221267 258579 203931 96659 54648 23155 174084 4003 155397 103174
is_linear=0
shrinkage=0.05


Tree=56
num_leaves=15
num_cat=0
split_feature=1 2 0 0 2 1 2 0 2 0 1 0 2 1
split_gain=316.046 58.7103 50.156 22.4214 18.9165 12.9993 5.51601 4.47633 4.43692 3.94628 3.24639 3.14093 2.99331 2.81714
threshold=-4.6244206486568036 40.500000000000007 -5.2755596532410625 -3.0120232414520243 74.500000000000014 -2.7575180864296107 10.500000000000002 -1.0726682584797402 71.500000000000014 -3.2974674905993635 -1.0000000180025095e-35 -1.7741169220942108 49.500000000000007 -6.429714558161864
decision_type=2 2 2 2 2 2 2 2 2 2 2 2 2 2
left_child=2 3 8 -2 9 7 10 -5 13 -4 -7 -3 -11 -1
right_child=1 11 4 5 -6 6 -8 -9 -10 12 -12 -13 -14 -15
leaf_value=-0.041436375122387986 -0.0045280800228471524 -0.01088873091813016 -0.01862807065740571 -0.0011684848912441451 -0.030404685880025151 0.002986918101752287 0.0010843671976419002 0.001009716953955273 -0.047858302707191484 -0.01088873091813016 0.0052564897108288494 -0.0045280800228471524 -0.015502419258700016 -0.030404685880025151
leaf_weight=72.670677822548896 541.51782884681597 634.09788796305656 616.41398223000579 1758.7408736888319 142.81294068787247 8364.899427741766 3370.7386542540044 1188.6550027551129 154.7497575939633 284.45796139957383 1941.2871444821358 193.70923498319462 143.11362666310742 46.235937944613397
leaf_count=25566 35427 79386 125802 82789 37990 67500 76361 30539 65067 29599 8504 15242 22705 15106
internal_value=-0.000611817 0.0012038 -0.0229813 0.00183257 -0.0185319 0.00219111 0.00284017 -0.000820733 -0.0422775 -0.0160678 0.00341442 -0.0108887 -0.0123768 -0.0350144
internal_weight=19454.1 17993.6 1460.45 17165.8 1186.8 16624.3 13676.9 2947.4 273.656 1043.99 10306.2 827.807 427.572 118.907
internal_count=717583 395748 321835 301120 216096 265693 152365 113328 105739 178106 76004 94628 52304 40672
is_linear=0
shrinkage=0.05


Tree=57
num_leaves=15
num_cat=0
split_feature=1 2 0 0 2 1 2 2 0 0 0 1 2 2
split_gain=291.995 54.3173 49.1665 21.1116 18.6248 11.8845 5.04674 4.56564 4.32783 3.74062 3.11119 2.86162 2.81489 2.39257
threshold=-4.6244206486568036 40.500000000000007 -5.2755596532410625 -3.0120232414520243 74.500000000000014 -2.7575180864296107 5.5000000000000009 71.500000000000014 -1.0726682584797402 -3.2974674905993635 -1.7741169220942108 -7.6296585936489434 49.500000000000007 48.500000000000007
decision_type=2 2 2 2 2 2 2 2 2 2 2 2 2 2
left_child=2 3 7 -2 9 8 -7 11 -5 -4 -3 -1 -11 -12
right_child=1 10 4 5 -6 6 -8 -9 -10 12 13 -13 -14 -15
leaf_value=-0.041091058769110692 -0.0044453330448492806 -0.010617790893959414 -0.018034628518301132 -0.0011855651177562095 -0.029945023283941215 0.0036069299577706094 0.0016851124119478572 -0.047742350357293489 0.00094367847179702602 -0.010617790893959414 -0.0044453330448492806 -0.029945023283941215 -0.014968976973319587 -0.0075315619694043467
leaf_weight=35.897940195631236 539.19723813934252 627.3473036235664 605.15427455492318 1756.7945725619793 138.56895207217894 7190.0271059796214 6508.1845845123753 147.55114365601912 1189.7412219364196 281.44781239470467 109.35737008694559 78.699524188414216 140.9400412873365 83.500174548011273
leaf_count=13331 35427 79386 125802 82789 37990 41028 111337 65067 30539 29599 7785 27341 22705 7457
internal_value=-0.00060048 0.0011258 -0.0223614 0.00172712 -0.0179629 0.0020742 0.00269385 -0.0419272 -0.000806494 -0.0155143 -0.0106178 -0.0344398 -0.0119033 -0.00444533
internal_weight=19432.4 18004.1 1428.26 17183.9 1166.11 16644.7 13698.2 262.149 2946.54 1027.54 820.205 114.597 422.388 192.858
internal_count=717583 395748 321835 301120 216096 265693 152365 105739 113328 178106 94628 40672 52304 15242
is_linear=0
shrinkage=0.05


Tree=58
num_leaves=15
num_cat=0
split_feature=2 0 2 1 0 1 0 0 0 1 1 2 2 0
split_gain=270.621 65.6053 50.4746 20.3748 14.1007 8.3517 4.87062 4.50916 3.92832 2.59058 1.99268 1.96563 1.84654 1.46194
threshold=47.500000000000007 -3.204309248694436 74.500000000000014 -3.9321862550580593 -5.2755596532410625 -1.4411312377912064 -5.5200287612774224 -2.0845161329239352 0.10843343824341536 -5.5111378414079066 -1.0000000180025095e-35 68.500000000000014 23.500000000000004 2.5768375980186855
decision_type=2 2 2 2 2 2 2 2 2 2 2 2 2 2
left_child=1 -1 4 -3 -2 7 -4 -5 -7 -6 -10 -11 -9 -12
right_child=2 3 6 5 9 8 -8 12 10 11 13 -13 -14 -15
leaf_value=-0.010312400457917936 -0.028842396888575622 -0.0043059571737855233 -0.049602466455328363 -0.0011085172009418548 -0.018652095201092497 0.0021200309051882132 -0.035811738138015137 0.00182103887434221 0.0033825957389714946 -0.011924865261265984 0.0047047694728722077 -0.015917384320653347 0.00017023120269352659 0.0084067522742239231
leaf_weight=723.38997331098653 128.71749538835138 789.83821431733668 99.234852781984955 1021.0835858182982 316.68536944873631 2315.0527019295841 180.4467976607848 6165.160955555737 4001.370830591768 629.35219026217237 1369.3201723992825 54.986054678913206 1286.3720160257071 331.18873742222786
leaf_count=79451 47183 61627 47250 48534 70910 22757 49409 100160 24679 93148 5886 10026 55237 1326
internal_value=-0.000588799 0.00106303 -0.0216878 0.00170049 -0.0169799 0.00208892 -0.0407049 0.000994341 0.00324572 -0.014913 0.00399194 -0.0131827 0.00144898 0.00542576
internal_weight=19412.2 18002.8 1409.42 17279.4 1129.74 16489.5 279.682 8472.62 8016.93 1001.02 5701.88 684.338 7451.53 1700.51
internal_count=717583 399657 317926 320206 221267 258579 96659 203931 54648 174084 31891 103174 155397 7212
is_linear=0
shrinkage=0.05


Tree=59
num_leaves=15
num_cat=0
split_feature=1 0 0 1 2 0 2 2 0 1 0 2 1 2
split_gain=251.596 47.3972 46.212 19.3975 17.6169 9.72137 5.84967 4.70996 3.30846 2.95251 2.87529 2.46085 2.26391 2.07936
threshold=-4.6244206486568036 -5.2755596532410625 -3.0120232414520243 -2.6800351835346206 74.500000000000014 -1.4423633933853888 10.500000000000002 71.500000000000014 -3.2974674905993635 -7.6296585936489434 -4.3119935362083615 49.500000000000007 -1.0000000180025095e-35 38.500000000000007
decision_type=2 2 2 2 2 2 2 2 2 2 2 2 2 2
left_child=1 7 10 5 8 -4 12 9 -3 -1 -2 -10 -5 -12
right_child=2 4 3 6 -6 -7 -8 -9 11 -11 13 -13 -14 -15
leaf_value=-0.040498927822901057 -0.010116849808349763 -0.016962772381705182 -0.0042800484207895489 0.0026555668718183279 -0.029088697472019077 0.00038357862462017473 0.00056339163967922051 -0.047505056499478247 -0.010116849808349763 -0.029088697472019077 -0.004325364981802522 -0.014043339317631555 0.0045491106683961122 -0.0084821063305385806
leaf_weight=33.608301038853824 194.23045643256046 585.81389153655618 1672.6093565979972 8345.9506338238716 129.81367146689445 1996.2161414842121 3190.8318477291614 134.64574604062364 277.12608458288014 74.524878546129912 405.14512970624492 136.98400788055733 1946.704830288887 269.12162998924032
leaf_count=13331 24810 125802 102983 66676 37990 61135 71848 65067 29599 27341 24684 22705 8504 35108
internal_value=-0.000584734 -0.0212207 0.000986957 0.00155675 -0.0169134 -0.00166669 0.00243384 -0.041264 -0.0145447 -0.0334928 -0.0101168 -0.0111239 0.0030137 -0.00684736
internal_weight=19393.3 1372.52 18020.8 17152.3 1129.74 3668.83 13483.5 242.779 999.924 108.133 868.497 414.11 10292.7 674.267
internal_count=717583 321835 395748 311146 216096 164118 147028 105739 178106 40672 84602 52304 75180 59792
is_linear=0
shrinkage=0.05


Tree=60
num_leaves=15
num_cat=0
split_feature=2 0 2 1 0 2 0 0 0 1 2 2 0 2
split_gain=233.268 57.275 48.3692 17.4497 13.2791 6.68776 5.07692 5.06426 2.79366 2.66271 2.07472 1.80976 1.14227 0.998345
threshold=47.500000000000007 -3.204309248694436 74.500000000000014 -3.9321862550580593 -5.3665894799949339 4.5000000000000009 -2.0845161329239352 -5.5200287612774224 1.5109616724668951 -5.5111378414079066 68.500000000000014 23.500000000000004 -5.0492854023627363 8.5000000000000018
decision_type=2 2 2 2 2 2 2 2 2 2 2 2 2 2
left_child=1 -1 4 13 -2 8 -7 -4 -5 12 -11 -8 -6 -3
right_child=2 3 7 5 9 6 11 -9 -10 10 -12 -13 -14 -15
leaf_value=-0.0098114766389145944 -0.027966721354388061 -0.0011284901881181816 -0.049541960832915684 0.0023730029377992574 -0.0210163480808702 -0.0011284901881181816 0.0017935466130089451 -0.034874724409815198 0.0045669950590490572 -0.010975980419664485 -0.015075191615465373 0.00018588685597593912 -0.016328136085712035 -0.0041414591100814137
leaf_weight=709.44896175805479 107.72104982356541 29.791428182274103 90.139590437989682 3990.1356661245227 42.322305139387026 1062.2431801706553 7893.6217966880649 169.55024955095723 2279.9886810481548 619.39317989419214 54.318366194842383 1296.7845114376396 272.88326772022992 752.7217496810481
leaf_count=79451 42706 682 47250 23948 12250 49482 119793 49409 9780 93988 10288 55576 62035 60945
internal_value=-0.000566021 0.00093951 -0.0205625 0.00152856 -0.0159677 0.00188448 0.00109782 -0.0399658 0.0031708 -0.014066 -0.0122913 0.00150026 -0.0178591 -0.00414146
internal_weight=19371.1 18014.7 1356.33 17305.3 1096.64 16522.8 10252.6 259.69 6270.12 988.917 673.712 9190.41 315.206 782.513
internal_count=717583 399657 317926 320206 221267 258579 224851 96659 33728 178561 104276 175369 74285 61627
is_linear=0
shrinkage=0.05


Tree=61
num_leaves=15
num_cat=0
split_feature=0 2 1 0 2 1 2 0 0 2 0 1 1 0
split_gain=218.647 80.7659 27.0508 23.2131 8.90868 6.44026 5.68394 4.56116 3.7057 3.09461 1.9364 1.55248 1.54996 1.29456
threshold=-4.391846229205119 43.500000000000007 -3.9766478399518719 -5.585978016888701 76.500000000000014 -1.4411312377912064 50.500000000000007 -2.0588203998521566 0.10843343824341536 72.500000000000014 -2.3565899792828975 -7.6296585936489434 -1.0000000180025095e-35 2.5768375980186855
decision_type=2 2 2 2 2 2 2 2 2 2 2 2 2 2
left_child=3 2 -2 9 -5 7 10 -4 -7 11 -3 -1 -10 -14
right_child=1 6 5 4 -6 8 -8 -9 12 -11 -12 -13 13 -15
leaf_value=-0.043234276446609946 -0.0058691431921990556 -0.010754510495095061 -0.0019722143525122316 -0.019562757480822396 -0.032732001256087322 0.0017406122203646444 -0.013925687457847552 0.0012391269370286104 0.0029290985874248394 -0.049553872514038352 -0.0058691431921990556 -0.032961812479887782 0.0040519622928951449 0.0075354928065999617
leaf_weight=26.303597420686856 810.03954173671082 240.33718004403636 1299.0792894819751 423.46243942563888 67.066717633744702 2356.6017771894112 676.13314708019607 7428.4360832870007 4018.7600925154984 92.624519462115131 135.28584592649713 75.194039149675518 1373.1455352008343 330.98559576272964
leaf_count=11522 71890 34605 65264 94844 26907 23247 118927 152159 24679 50275 12575 23477 5886 1326
internal_value=-0.000558825 0.00045892 0.00126248 -0.0283103 -0.0225186 0.00170285 -0.0130008 0.000761123 0.0027201 -0.0429454 -0.00758333 -0.0369147 0.00346493 0.00472855
internal_weight=19353.5 18668.8 17617 684.651 490.529 16807 1051.76 8727.52 8079.49 194.122 375.623 101.498 5722.89 1704.13
internal_count=717583 510558 344451 207025 121751 272561 166107 217423 55138 85274 47180 34999 31891 7212
is_linear=0
shrinkage=0.05


Tree=62
num_leaves=15
num_cat=0
split_feature=0 2 1 0 2 1 2 0 0 2 0 1 1 2
split_gain=203.637 74.046 25.0037 23.083 10.0208 5.72504 5.68087 4.1168 3.4213 1.99558 1.7925 1.59593 1.40213 1.29432
threshold=-4.391846229205119 43.500000000000007 -3.9766478399518719 -5.6880986482067106 76.500000000000014 -1.4411312377912064 50.500000000000007 -2.0588203998521566 0.10843343824341536 72.500000000000014 -2.3565899792828975 -7.4193397785226596 -1.0000000180025095e-35 14.500000000000002
decision_type=2 2 2 2 2 2 2 2 2 2 2 2 2 2
left_child=3 2 13 9 11 7 10 -4 -7 -1 -3 -5 -10 -2
right_child=1 6 5 4 -6 8 -8 -9 12 -11 -12 -13 -14 -15
leaf_value=-0.038513667960186765 -0.0020342159705377173 -0.010418298531832021 -0.0018771726331929602 -0.02614752640349164 -0.033087353044289017 0.0016456443660340797 -0.013640182057067142 0.0011759051365882638 0.0027783679572053986 -0.049470452298617962 -0.0056787773253028639 -0.018131121530729207 0.0044890772807814842 -0.0056787773253028639
leaf_weight=85.522833576891571 91.664111250080168 237.80379190063104 1296.6726722475141 45.664963093120605 70.029484123806469 2359.5382397687063 666.9011113201268 7436.2254971610382 4024.7856524493545 80.836324210860766 134.51212240522727 384.37941515725106 1705.2641904503107 713.77770979655907
leaf_count=30645 3502 34605 65264 14650 29838 23247 118927 152159 24679 46185 12575 85707 7212 68388
internal_value=-0.00054581 0.000423765 0.00118837 -0.0277041 -0.022337 0.00161035 -0.0125459 0.00072258 0.00256871 -0.0438377 -0.00719909 -0.0192077 0.00328748 -0.00567878
internal_weight=19333.6 18667.1 17627.9 666.433 500.074 16822.5 1039.22 8732.9 8089.59 166.359 372.316 430.044 5730.05 805.442
internal_count=717583 510558 344451 207025 130195 272561 166107 217423 55138 76830 47180 100357 31891 71890
is_linear=0
shrinkage=0.05


Tree=63
num_leaves=15
num_cat=0
split_feature=0 2 1 0 2 2 1 0 0 2 0 1 1 2
split_gain=189.564 67.7908 23.1916 22.8572 9.97036 5.646 5.08598 3.77263 3.1601 2.06177 1.65428 1.56355 1.26745 1.24264
threshold=-4.391846229205119 43.500000000000007 -3.9766478399518719 -5.6880986482067106 76.500000000000014 50.500000000000007 -1.4411312377912064 -2.4307373388051277 0.10843343824341536 72.500000000000014 -2.3565899792828975 -7.4193397785226596 -1.0000000180025095e-35 14.500000000000002
decision_type=2 2 2 2 2 2 2 2 2 2 2 2 2 2
left_child=3 2 13 9 11 10 7 -4 -8 -1 -3 -5 -10 -2
right_child=1 5 6 4 -6 -7 8 -9 12 -11 -12 -13 -14 -15
leaf_value=-0.03805058826088336 -0.0019835389806872072 -0.010002218127041249 -0.0019835389806872072 -0.025630550509070649 -0.03264841934842945 -0.013352984259662838 0.0015556385337418929 0.001029751206500659 0.0026356092268218713 -0.049434903198703105 -0.0054897318202491909 -0.017543107155831055 0.0042613078973946974 -0.0054897318202491909
leaf_weight=82.317105649039149 91.490098275244236 235.37469850387424 841.12641901243478 44.494114718050696 67.760989862843417 657.97903600218706 2362.3163707777858 7896.8831789726391 4030.4990986026824 76.947813066537492 133.76760871708393 377.57628377294168 1706.5569993406534 709.83820980926976
leaf_count=30645 3502 34605 45947 14650 29838 118927 23247 171476 24679 46185 12575 85707 7212 68388
internal_value=-0.00053355 0.000390152 0.00111728 -0.0270961 -0.021746 -0.0120967 0.00152265 0.000686012 0.00242526 -0.0435508 -0.00682394 -0.0186127 0.00311919 -0.00548973
internal_weight=19314.9 18665.8 17638.7 649.096 489.831 1027.12 16837.4 8738.01 8099.37 159.265 369.142 422.07 5737.06 801.328
internal_count=717583 510558 344451 207025 130195 166107 272561 217423 55138 76830 47180 100357 31891 71890
is_linear=0
shrinkage=0.05


Tree=64
num_leaves=15
num_cat=0
split_feature=0 2 0 1 2 2 1 0 0 2 1 0 2 1
split_gain=176.363 61.9789 22.5994 21.5032 9.90874 5.57947 4.53058 3.47031 2.92248 2.1283 1.52894 1.52425 1.1897 1.14564
threshold=-4.391846229205119 43.500000000000007 -5.6880986482067106 -3.9766478399518719 76.500000000000014 50.500000000000007 -1.4411312377912064 -2.4307373388051277 0.10843343824341536 72.500000000000014 -7.4193397785226596 -2.3565899792828975 9.5000000000000018 -1.0000000180025095e-35
decision_type=2 2 2 2 2 2 2 2 2 2 2 2 2 2
left_child=2 3 9 12 10 11 7 -5 -8 -1 -4 -3 -2 -10
right_child=1 5 4 6 -6 -7 8 -9 13 -11 -12 -13 -14 -15
leaf_value=-0.037575800946253957 -0.001932351471919486 -0.0095987300329161349 -0.025116098878093285 -0.001932351471919486 -0.032206780791182582 -0.013064544058593709 0.0014690093460277835 0.00097738466068563118 0.0025003793637749907 -0.049397997717241127 -0.016964156074076916 -0.005302812027978214 -0.005302812027978214 0.0040452897963458335
leaf_weight=79.267052521696314 37.791042835451663 233.06562230736017 43.37536871782504 839.55183644872159 65.594298495561816 649.35899837454781 2364.9442715495825 7903.8022521343082 4035.9170912839472 73.24834759964142 371.10678932920564 133.05170652782544 759.57966231554747 1707.7706868052483
leaf_count=30645 1060 34605 14650 45947 29838 118927 23247 171476 24679 46185 85707 12575 70830 7212
internal_value=-0.000522436 0.000357547 -0.0264866 0.00104866 -0.0211599 -0.0116543 0.00143811 0.000648602 0.00228942 -0.0432536 -0.0180254 -0.00646036 -0.00530281 0.00295973
internal_weight=19297.4 18664.8 632.592 17649.4 480.076 1015.48 16852 8743.35 8108.63 152.515 414.482 366.117 797.371 5743.69
internal_count=717583 510558 207025 344451 130195 166107 272561 217423 55138 76830 100357 47180 71890 31891
is_linear=0
shrinkage=0.05


Tree=65
num_leaves=15
num_cat=0
split_feature=0 2 0 1 2 2 1 0 0 2 1 0 2 2
split_gain=164.012 56.6022 22.3105 19.8952 9.83623 5.48432 4.03302 3.23874 2.70403 2.19503 1.49226 1.40252 1.20076 1.15854
threshold=-4.391846229205119 43.500000000000007 -5.6880986482067106 -3.9766478399518719 76.500000000000014 50.500000000000007 -1.4411312377912064 -2.0588203998521566 0.10843343824341536 72.500000000000014 -7.4193397785226596 -2.3565899792828975 23.500000000000004 14.500000000000002
decision_type=2 2 2 2 2 2 2 2 2 2 2 2 2 2
left_child=2 3 9 13 10 11 7 -5 -8 -1 -4 -3 -9 -2
right_child=1 5 4 6 -6 -7 8 12 -10 -11 -12 -13 -14 -15
leaf_value=-0.037089416890533335 -0.0018795601083167199 -0.0092077728966013708 -0.024604531776204412 -0.0016976852408447235 -0.031762615130838869 -0.012774325448577671 0.0013870458010340487 0.0012991634148387258 0.0028085951506158489 -0.049359659744572792 -0.01639478277747768 -0.0051172186097874694 -0.00034193936474929759 -0.0051172186097874694
leaf_weight=76.365171646699309 90.985089229419827 230.87069175299257 42.306200214778073 1292.1291286488995 63.524507886497304 641.03310479782522 2367.4273166488856 6203.3127408865839 5749.9660009890795 69.728759034653194 364.95476415799931 132.36373469885439 1252.9528194731101 702.4094532080926
leaf_count=30645 3502 34605 14650 65264 29838 118927 23247 99978 31891 46185 85707 12575 52181 68388
internal_value=-0.000510684 0.000327724 -0.0258764 0.000984368 -0.0205794 -0.0112188 0.0013581 0.000613322 0.00216077 -0.0429458 -0.0174464 -0.00610828 0.00101381 -0.00511722
internal_weight=19280.3 18663.5 616.879 17659.2 470.785 1004.27 16865.8 8748.39 8117.39 146.094 407.261 363.234 7456.27 793.395
internal_count=717583 510558 207025 344451 130195 166107 272561 217423 55138 76830 100357 47180 152159 71890
is_linear=0
shrinkage=0.05


Tree=66
num_leaves=15
num_cat=0
split_feature=0 2 0 1 2 0 2 2 2 0 0 0 1 1
split_gain=152.459 51.7231 21.9917 21.0151 9.75319 4.30545 3.41296 2.83602 2.26182 2.17327 2.03247 1.97813 1.45363 1.22175
threshold=-4.391846229205119 46.500000000000007 -5.6880986482067106 -3.9766478399518719 76.500000000000014 -3.0590583565846807 4.5000000000000009 50.500000000000007 72.500000000000014 -1.4986774466797663 -1.355507225966901 1.5109616724668951 -7.4193397785226596 -1.8796864383319609
decision_type=2 2 2 2 2 2 2 2 2 2 2 2 2 2
left_child=2 3 8 10 12 -5 11 -3 -1 13 -2 -7 -4 -8
right_child=1 7 4 5 -6 6 9 -9 -10 -11 -12 -13 -14 -15
leaf_value=-0.036591579243929667 -0.005538040318386144 -0.0062970106497529489 -0.024096186553192303 -0.0021381951572208738 -0.031316088945342206 0.0016412848746749681 -0.00037200293535199016 -0.012482813793583106 -0.049319795214093465 0.0012136893521857955 -0.0021381951572208738 0.0034832181951081004 -0.015835462034589267 0.00042084320841690261
leaf_weight=73.604318802477792 763.3895763810724 191.58472206490114 41.28421125956811 386.23329574614763 61.546961679472588 4014.3248491026461 1760.5493799443357 632.99415597482584 66.380325465579517 8083.4818548951298 113.89815221168101 2288.6603362411261 359.10480822611134 426.97464608680457
leaf_count=30645 79229 26406 14650 24955 29838 23917 77974 118927 46185 135885 5585 9780 85707 7900
internal_value=-0.000498431 0.000300415 -0.025266 0.000866369 -0.0200049 0.00126165 0.00139419 -0.0119424 -0.0426273 0.000832122 -0.00553804 0.0023101 -0.0168763 -0.000372003
internal_weight=19264 18662.1 601.921 17837.5 461.936 16960.2 16574 824.579 139.985 10271 877.288 6302.99 400.389 2187.52
internal_count=717583 510558 207025 365225 130195 280411 255456 145333 76830 221759 84814 33697 100357 85874
is_linear=0
shrinkage=0.05


Tree=67
num_leaves=15
num_cat=0
split_feature=0 2 0 1 2 0 2 2 2 1 0 0 0 1
split_gain=141.651 47.4482 21.6442 19.4244 9.66 4.02892 3.09422 2.8876 2.32848 2.11402 2.00407 1.96262 1.81376 2.48946
threshold=-4.391846229205119 46.500000000000007 -5.6880986482067106 -3.9766478399518719 76.500000000000014 -3.0590583565846807 4.5000000000000009 68.500000000000014 72.500000000000014 -5.5372353806548817 -1.4986774466797663 -1.355507225966901 2.5768375980186855 -0.17009775752386244
decision_type=2 2 2 2 2 2 2 2 2 2 2 2 2 2
left_child=2 3 8 11 -4 -5 12 9 -1 -3 -8 -2 -7 -14
right_child=1 7 4 5 -6 6 10 -9 -10 -11 -12 -13 13 -15
leaf_value=-0.036082474132942563 -0.0053522166235264951 -0.010520236003273471 -0.016315395650135466 -0.0020797248881239188 -0.03086736390955748 0.0019315029242673708 -0.00037933358388925827 -0.012190769609014333 -0.049278309989604807 -0.0069105257045941511 0.0011518233798017668 -0.0020797248881239188 0.003437670021936832 0.0077385186955849479
leaf_weight=70.977689345832914 759.2775906524621 128.56068370491266 393.84938659588806 385.45222865324467 59.657245958922431 5760.8766846172512 2187.0630798870698 135.8837944760453 63.194753704592586 551.19158187694848 8091.5609778342769 113.66705157980323 143.59855592250824 403.56729725003242
leaf_count=30645 79229 29701 100357 24955 29838 31433 85874 30735 46185 84897 135885 5585 644 1620
internal_value=-0.000486377 0.000274805 -0.0246563 0.000813825 -0.0194371 0.00119277 0.00132106 -0.0115183 -0.0422977 -0.0088497 0.000786068 -0.00535222 0.0021928 0.00494384
internal_weight=19248.4 18660.7 587.679 17845.1 453.507 16972.1 16586.7 815.636 134.172 679.752 10278.6 872.945 6308.04 547.166
internal_count=717583 510558 207025 365225 130195 280411 255456 145333 76830 114598 221759 84814 33697 2264
is_linear=0
shrinkage=0.05


Tree=68
num_leaves=15
num_cat=0
split_feature=1 0 0 2 2 1 2 0 1 0 2 2 1 2
split_gain=131.688 35.2913 23.3274 14.5422 10.7786 4.96333 4.96104 3.08145 3.01393 2.55723 1.95595 1.93645 1.53395 1.52153
threshold=-4.7644457458473548 -5.2755596532410625 -3.0590583565846807 74.500000000000014 45.500000000000007 -2.7575180864296107 71.500000000000014 -4.6020927380434147 -7.6296585936489434 -1.0726682584797402 16.500000000000004 10.500000000000002 -2.2849012842882677 38.500000000000007
decision_type=2 2 2 2 2 2 2 2 2 2 2 2 2 2
left_child=1 6 7 10 5 9 8 -2 -1 -4 -3 12 -7 -9
right_child=2 3 4 -5 -6 11 -8 13 -10 -11 -12 -13 -14 -15
leaf_value=-0.0377281678458153 -0.0084667533156692499 -0.0084667533156692499 -0.0011439622714288864 -0.025854960956985445 -0.0034166807005354873 0.0011901994385594766 -0.046223417581467696 -0.0034166807005354873 -0.025854960956985445 0.00043925646108177748 -0.012171030098886926 0.00050606152557843779 0.0021279474636723165 -0.0067569029823592698
leaf_weight=24.936244030250236 118.67803970025852 34.871684843674302 1943.5160145540722 102.95250266767107 284.93928311951458 530.14235250279307 90.942437031888403 404.19141118740663 56.499976040329784 1223.5299808196723 767.61902856919914 3435.3587724203244 9926.4126015529037 290.39569633756764
leaf_count=13331 20662 2088 101673 37301 33926 6692 64783 26308 26498 32105 160907 78079 69373 43857
internal_value=-0.000480536 -0.0174609 0.000527432 -0.0135133 0.000915513 0.00112876 -0.0381967 -0.00774887 -0.0292329 -0.000657461 -0.0111185 0.00153597 0.00187434 -0.00504705
internal_weight=19235 1077.82 18157.2 905.443 17343.9 17059 172.379 813.265 81.4362 3167.05 802.491 13891.9 10456.6 694.587
internal_count=717583 304908 412675 200296 321848 287922 104612 90827 39829 133778 162995 154144 76065 70165
is_linear=0
shrinkage=0.05


Tree=69
num_leaves=15
num_cat=0
split_feature=0 2 2 1 0 0 2 2 0 1 0 0 1 0
split_gain=123.283 43.3071 20.2814 16.3326 11.8413 3.51268 3.09457 2.51617 2.24721 2.07205 1.71642 1.67102 1.60651 1.52442
threshold=-4.4439091154851926 46.500000000000007 76.500000000000014 -3.9766478399518719 -5.6880986482067106 -3.0590583565846807 68.500000000000014 4.5000000000000009 -2.1823421497086937 -5.5372353806548817 -1.4986774466797663 1.5109616724668951 -7.4193397785226596 -4.7324137606702967
decision_type=2 2 2 2 2 2 2 2 2 2 2 2 2 2
left_child=2 3 4 8 -1 -5 9 11 -2 -3 -9 -7 -6 -4
right_child=1 6 13 5 12 7 -8 10 -10 -11 -12 -13 -14 -15
leaf_value=-0.032000896792768477 -0.0051615569669013024 -0.01018950396345835 -0.046719678259777415 -0.0020490862077076999 -0.023716396829890254 0.0013542553005070155 -0.011945449362308236 -0.00043337469592179435 -0.0020490862077076999 -0.0065515611854629861 0.001036600928988467 0.0030454722030174939 -0.014263262047344002 -0.032000896792768477
leaf_weight=79.801234999904409 516.0271450127475 131.28514198656194 89.332744712708518 387.40487183164805 38.144016826758161 4026.3236063309014 137.15798476967029 2186.1478719026782 353.28679628670216 550.16871467442252 8106.0659460639581 2292.0168926864862 320.04775351507124 9.7102015418931824
leaf_count=40491 63295 31167 61084 25294 14468 23917 32232 85874 22376 86224 135885 9780 81003 4493
internal_value=-0.000475196 0.000203628 -0.0240945 0.00071886 -0.019474 0.00106338 -0.011042 0.00118234 -0.00516156 -0.00843356 0.000700173 0.00196775 -0.0154319 -0.0445278
internal_weight=19222.9 18685.9 537.036 17867.3 437.993 16998 818.612 16610.6 869.314 681.454 10292.2 6318.34 358.192 99.0429
internal_count=717583 516044 201539 366421 135962 280750 149623 255456 85671 117391 221759 33697 95471 65577
is_linear=0
shrinkage=0.05


Tree=70
num_leaves=15
num_cat=0
split_feature=0 2 2 1 0 0 2 0 1 2 1 0 1 0
split_gain=114.312 40.444 19.9632 13.2579 11.6479 3.93149 3.08754 3.07003 1.77666 1.59031 1.84457 1.55269 1.55229 1.30711
threshold=-4.4439091154851926 49.500000000000007 76.500000000000014 -3.9321862550580593 -5.6880986482067106 -3.0590583565846807 27.500000000000004 -2.1823421497086937 -1.0000000180025095e-35 68.500000000000014 -4.6463958017008915 -4.7324137606702967 -7.4193397785226596 2.5768375980186855
decision_type=2 2 2 2 2 2 2 2 2 2 2 2 2 2
left_child=2 3 4 7 -1 -5 8 -2 -7 10 -3 -4 -6 -10
right_child=1 9 11 5 12 6 -8 -9 13 -11 -12 -13 -14 -15
leaf_value=-0.031587374234647594 -0.0055121173453007476 -0.010277944465453881 -0.04655600326984749 -0.0019846412395461721 -0.023242322972858033 0.0010923936124783257 -0.00044686694827992765 -0.0019846412395461721 0.0021220186652200269 -0.011651360150690597 -0.0056746921791167339 -0.031587374234647594 -0.013747145361192257 0.0055713782787623622
leaf_weight=77.302276534494013 605.09903876530007 267.53203888144344 85.267249533440918 395.58770688716322 37.254998290794902 13500.680111542344 1148.1098070275038 408.67352099856362 1629.0214055627584 135.54523285967298 265.03074005898088 9.4056767011061293 315.5765401617391 330.34169143438339
leaf_count=40491 77302 60185 61084 26664 14468 183341 64611 26200 7179 32232 37004 4493 81003 1326
internal_value=-0.000467296 0.000179092 -0.0234818 0.000627125 -0.0189068 0.0009583 0.00109091 -0.00492758 0.00129659 -0.0116514 -0.00890453 -0.044268 -0.0148973 0.00270357
internal_weight=19210.4 18685.6 524.807 18017.5 430.134 17003.7 16608.2 1013.77 15460 668.108 532.563 94.6729 352.832 1959.36
internal_count=717583 516044 201539 386623 135962 283121 256457 103502 191846 129421 97189 65577 95471 8505
is_linear=0
shrinkage=0.05


Tree=71
num_leaves=15
num_cat=0
split_feature=0 2 0 1 2 0 0 2 2 0 0 2 1 1
split_gain=105.926 37.7434 19.6328 12.1705 9.22253 3.71184 3.65512 2.80742 2.54279 2.34715 1.72693 1.62574 1.76744 1.4495
threshold=-4.4439091154851926 49.500000000000007 -5.6880986482067106 -3.9766478399518719 76.500000000000014 -3.0120232414520243 -2.1823421497086937 18.500000000000004 72.500000000000014 0.10843343824341536 -1.242868953714271 68.500000000000014 -4.6463958017008915 -7.4193397785226596
decision_type=2 2 2 2 2 2 2 2 2 2 2 2 2 2
left_child=2 3 8 6 13 -5 -2 9 -1 -7 -9 12 -3 -4
right_child=1 11 4 5 -6 7 -8 10 -10 -11 -12 -13 -14 -15
leaf_value=-0.034216223357169173 -0.0053857079826938672 -0.0099660362806145084 -0.021841364757511795 -0.0020181647994512069 -0.029309535359872286 0.00060503714185024043 -0.0020181647994512069 -0.00049763525224262746 -0.049110238243151055 0.0019124837060212768 0.00044890864937405153 -0.011357776047415761 -0.0054219617216138029 -0.01324281941206093
leaf_weight=62.745227682869881 579.34824535483494 264.82128388062119 36.403747150092386 430.08277060696855 49.93329262197949 6316.4513731040061 368.36799551267177 1460.7092820028774 52.74736803479027 7518.7200906649232 1349.9745945027098 133.99027803749777 263.55389880528674 311.3254780076677
leaf_count=30645 75341 60185 14468 29196 29238 90419 24257 76203 46185 49305 41902 32232 37004 81003
internal_value=-0.000459945 0.000155509 -0.0228711 0.00058636 -0.0176005 0.000892451 -0.00492878 0.00102289 -0.0410186 0.00131557 -0.000417751 -0.0113578 -0.0085743 -0.0143732
internal_weight=19199.2 18686 513.155 18023.7 397.663 17075.9 947.716 16645.9 115.493 13835.2 2810.68 662.365 528.375 347.729
internal_count=717583 516044 201539 386623 124709 287025 99598 257829 76830 139724 118105 129421 97189 95471
is_linear=0
shrinkage=0.05


Tree=72
num_leaves=15
num_cat=0
split_feature=0 2 2 1 0 0 0 2 2 1 0 1 1 0
split_gain=98.2553 35.2362 19.4652 11.1643 11.1206 3.56684 3.47131 2.59126 1.65645 1.69039 1.60981 1.52757 1.4467 1.19328
threshold=-4.4439091154851926 49.500000000000007 76.500000000000014 -3.9766478399518719 -5.6880986482067106 -2.1823421497086937 -3.0120232414520243 27.500000000000004 68.500000000000014 -4.6463958017008915 -4.7324137606702967 -1.0000000180025095e-35 -7.4193397785226596 2.5768375980186855
decision_type=2 2 2 2 2 2 2 2 2 2 2 2 2 2
left_child=2 3 4 5 -1 -2 -5 11 9 -3 -4 -8 -6 -13
right_child=1 8 10 6 12 -7 7 -9 -10 -11 -12 13 -14 -15
leaf_value=-0.030762658938047444 -0.0052605677663044529 -0.0096618737836174154 -0.046236318454587755 -0.0019513460683515051 -0.022313057891651986 -0.0019513460683515051 0.00096525991199549301 -0.00049167630817903191 -0.011070257795252784 -0.0052605677663044529 -0.030762658938047444 0.0019034984740778965 -0.01275051335282975 0.0051996402519786569
leaf_weight=72.232138103339821 576.29465121682733 262.21878396719694 78.28381701069884 429.25987469451502 35.621445982600562 367.65347696328536 13529.684642075561 1165.3992407503538 132.49150962615386 262.15039924345911 8.8521988717839104 1630.3629853725433 307.28384326491505 330.19097024202347
leaf_count=40491 75341 60185 61084 29196 14468 24257 183655 65670 32232 37004 4493 7178 81003 1326
internal_value=-0.000451973 0.000134636 -0.0222752 0.000549122 -0.0177656 -0.00474428 0.000841585 0.000967993 -0.0110703 -0.00825349 -0.0437597 0.00115427 -0.0138635 0.00245863
internal_weight=19188 18685.7 502.273 18028.8 415.137 943.948 17084.9 16655.6 656.861 524.369 87.136 15490.2 342.905 1960.55
internal_count=717583 516044 201539 386623 135962 99598 287025 257829 129421 97189 65577 192159 95471 8504
is_linear=0
shrinkage=0.05


Tree=73
num_leaves=15
num_cat=0
split_feature=0 2 2 0 1 0 0 2 2 0 1 1 1 0
split_gain=90.9416 32.8902 19.0753 10.8957 10.2384 3.23948 2.7888 2.55303 1.67053 1.63552 1.61203 1.38829 1.38725 1.06144
threshold=-4.4439091154851926 49.500000000000007 76.500000000000014 -5.6880986482067106 -3.9321862550580593 -3.0590583565846807 -2.1823421497086937 27.500000000000004 68.500000000000014 -4.7324137606702967 -4.6463958017008915 -7.4193397785226596 -1.0000000180025095e-35 2.5768375980186855
decision_type=2 2 2 2 2 2 2 2 2 2 2 2 2 2
left_child=2 4 3 -1 6 -6 -2 12 10 -4 -3 -5 -7 -14
right_child=1 8 9 11 5 7 -8 -9 -10 -11 -12 -13 13 -15
leaf_value=-0.030344893956200061 -0.0051318952721863473 -0.0093588549381586096 -0.046052373170612504 -0.021853100505096919 -0.001797363855534722 0.0009326941473762119 -0.001797363855534722 -0.00043659943262124988 -0.010777450090258317 -0.030344893956200061 -0.0051318952721863473 -0.01227041759616909 0.0018323400556627787 0.0049413504716917358
leaf_weight=70.055256389197893 595.77757092565298 259.7199109850917 74.755905489786528 34.83951647405047 393.36014574859291 13530.071635838598 406.49934711540118 1146.8690387252718 131.04666348267347 8.5850611530477163 260.79571002535522 303.44141704030335 1631.2858369201422 330.08089318871498
leaf_count=40491 77302 60185 61084 14468 26664 183341 26200 64611 32232 4493 37004 81003 7179 1326
internal_value=-0.000443638 0.000114892 -0.0216698 -0.0172205 0.00051366 0.000802664 -0.00439739 0.000924165 -0.0107775 -0.0434692 -0.00794026 -0.0133613 0.00111284 0.00235556
internal_weight=19177.2 18685.5 491.677 408.336 18033.9 17031.7 1002.28 16638.3 651.562 83.341 520.516 338.281 15491.4 1961.37
internal_count=717583 516044 201539 135962 386623 283121 103502 256457 129421 65577 97189 95471 191846 8505
is_linear=0
shrinkage=0.05


Tree=74
num_leaves=15
num_cat=0
split_feature=0 2 0 0 2 2 0 2 1 1 2 1 2 1
split_gain=84.1164 30.7346 18.688 9.22355 8.47057 5.37263 5.35439 2.72787 2.15071 1.41015 1.38839 1.29175 1.21804 1.40923
threshold=-4.4439091154851926 50.500000000000007 -5.6880986482067106 -3.2974674905993635 76.500000000000014 14.500000000000002 -1.355507225966901 72.500000000000014 -2.1586855846182957 -7.6296585936489434 19.500000000000004 -7.4193397785226596 68.500000000000014 -6.2224862835693058
decision_type=2 2 2 2 2 2 2 2 2 2 2 2 2 2
left_child=2 3 7 -2 11 8 10 9 -5 -1 -7 -4 13 -3
right_child=1 12 4 5 -6 6 -8 -9 -10 -11 -12 -13 -14 -15
leaf_value=-0.040792690199326263 -0.0050097007380056867 -0.0091840748119023825 -0.020397949084100926 0.00022654975344341867 -0.027925435827342943 -0.00097420935936400738 0.00022654975344341867 -0.048967279296871079 0.0015046649747805236 -0.027925435827342943 -0.0021749684721714332 -0.011802681421487335 -0.010486199792377084 -0.0060295545891972026
leaf_weight=15.007861943682654 492.52236794214696 39.126258200034499 34.09025859774556 2013.2150321407244 44.488807406160049 499.51458993088454 2516.4428787487559 46.140173579216935 10687.640373183414 42.064165629679337 1872.3982987566851 299.788474893081 129.65502616926096 434.7911358603742
leaf_count=10455 55538 10358 14468 34405 29238 16952 70324 46185 81284 20190 134656 81003 32232 80295
internal_value=-0.000435864 9.58995e-05 -0.0210683 0.000466798 -0.015924 0.000659764 -0.000748797 -0.0399269 0.0012019 -0.0326181 -0.00217497 -0.0128705 -0.0104862 -0.00788195
internal_weight=19166.9 18685.3 481.58 18081.7 378.368 17589.2 4888.36 103.212 12700.9 57.072 2371.91 333.879 603.572 473.917
internal_count=717583 516044 201539 393159 124709 337621 221932 76830 115689 30645 151608 95471 122885 90653
is_linear=0
shrinkage=0.05


Tree=75
num_leaves=15
num_cat=0
split_feature=1 0 0 2 2 2 0 1 0 0 1 2 1 1
split_gain=78.8572 23.7315 18.7397 8.44993 8.18036 4.91195 3.9669 3.52956 2.75222 2.17387 1.33675 1.20377 1.20885 0.926383
threshold=-5.3780344542118366 -5.0492854023627363 -3.0590583565846807 45.500000000000007 74.500000000000014 77.500000000000014 -4.3119935362083615 -2.7575180864296107 -5.6522955685463723 -1.0726682584797402 -7.2271996557495397 10.500000000000002 -2.2849012842882677 -5.9692448560258029
decision_type=2 2 2 2 2 2 2 2 2 2 2 2 2 2
left_child=1 5 6 7 10 8 -2 9 13 -4 -3 12 -9 -1
right_child=2 4 3 -5 -6 -7 -8 11 -10 -11 -12 -13 -14 -15
leaf_value=-0.037693532134264018 -0.008837014826191765 -0.01598613377145881 -0.0011560827821547642 -0.0030496031828729162 -0.022893523062920959 -0.047040689018889664 -0.0044002996474961009 0.00081141675917838609 -0.022893523062920959 0.00017061555908559557 -0.008837014826191765 0.00027315961867641569 0.0015912557456334493 -0.030252744040899355
leaf_weight=42.306664633564651 220.32181193202268 28.737469027517363 2034.9579488812014 343.78725686110556 63.744607447413728 49.771623936365359 740.35347328241915 532.79807278886437 71.344653052045032 1230.3758089020848 367.16047545406036 3449.2112049115822 9975.5635015293956 5.8577245448250315
leaf_count=32640 49006 8550 112277 46529 25954 47802 88478 6692 31218 32262 84786 78079 69373 3937
internal_value=-0.000426655 -0.0178384 0.000164399 0.000536266 -0.0119442 -0.0338428 -0.00663547 0.000737438 -0.0283464 -0.000742413 -0.00907874 0.00108364 0.00134967 -0.037612
internal_weight=19156.3 628.923 18527.4 17566.7 459.643 169.281 960.675 17222.9 119.509 3265.33 395.898 13957.6 10508.4 48.1644
internal_count=717583 234887 482696 345212 119290 115597 137484 298683 67795 144539 93336 154144 76065 36577
is_linear=0
shrinkage=0.05


Tree=76
num_leaves=15
num_cat=0
split_feature=2 0 0 2 0 1 1 0 2 0 0 2 0 1
split_gain=74.0851 37.0806 12.1027 9.34144 5.27662 3.74291 2.9165 1.88308 1.54312 1.34404 1.24855 1.11195 2.14757 0.439136
threshold=74.500000000000014 -3.204309248694436 -5.1596009469511754 44.500000000000007 -5.5200287612774224 -3.9766478399518719 -4.8330471961588506 -4.6020927380434147 4.5000000000000009 -2.0845161329239352 1.5109616724668951 77.500000000000014 -4.7324137606702967 -7.2271996557495397
decision_type=2 2 2 2 2 2 2 2 2 2 2 2 2 2
left_child=1 2 -1 5 -2 -3 13 -8 10 -10 -7 -6 -13 -4
right_child=4 3 6 -5 11 8 7 -9 9 -11 -12 12 -14 -15
leaf_value=-0.017032056288171362 -0.048892656937932336 -0.0017087197610614537 -0.011816402568768281 -0.0040632137305380419 -0.019818651870452033 0.0009228163277411578 -0.0070788059341978992 -0.0040632137305380419 -0.00045241272148791771 0.00065301664427819652 0.002349754489918341 -0.038716147208973574 -0.026077703229977919 -0.0090934527430828194
leaf_weight=138.84256138745695 43.31948083586758 631.46438887808472 32.320635841460899 426.25461440812796 28.028889520093799 4050.0720504447818 63.265457290923223 574.07539761718363 1041.942345962394 9318.6847717342898 2296.7976434081793 25.895844945800491 66.29578983981628 409.75080683431588
leaf_count=65466 47250 51787 10082 59502 11735 23959 10499 62941 47932 174618 9780 17872 19802 104358
internal_value=-0.000421917 -0.000133242 -0.00857187 0.000445439 -0.0339309 0.000645774 -0.00660075 -0.0044362 0.000803894 0.000427797 0.00141784 -0.0285396 -0.0311911 -0.00972141
internal_weight=19147 18983.5 1218.25 17765.2 163.54 17339 1079.41 637.341 16707.5 10360.6 6346.87 120.221 92.1916 442.071
internal_count=717583 620924 253346 367578 96659 308076 187880 73440 256289 222550 33739 49409 37674 114440
is_linear=0
shrinkage=0.05


Tree=77
num_leaves=15
num_cat=0
split_feature=2 0 0 2 0 2 0 1 0 1 2 0 0 1
split_gain=69.391 34.0181 11.7643 8.76357 5.32534 3.51719 3.67489 2.705 1.78531 1.76516 1.09451 2.17141 0.671597 0.628897
threshold=74.500000000000014 -3.204309248694436 -5.1596009469511754 44.500000000000007 -5.5200287612774224 14.500000000000002 -1.5285520000470518 -4.8330471961588506 -4.6020927380434147 -2.1586855846182957 77.500000000000014 -4.7324137606702967 0.10843343824341536 -1.0000000180025095e-35
decision_type=2 2 2 2 2 2 2 2 2 2 2 2 2 2
left_child=1 2 -1 5 -2 9 -7 -4 -9 -3 -6 -12 -11 -14
right_child=4 3 7 -5 10 6 -8 8 -10 12 11 -13 13 -15
leaf_value=-0.016763654673072656 -0.048832696249148905 0.00023164206187019853 -0.0093446441169395128 -0.0039218366558842954 -0.019212304846246288 -0.0016578614765789521 0.00023164206187019853 -0.0067905166268700731 -0.0039218366558842954 0.00077860353398798577 -0.038386540263937716 -0.025439992412596882 0.0013370929119143119 0.002440209927886561
leaf_weight=136.51462962536607 41.256106876709964 2008.4554351242259 438.01674315519631 424.55354971112683 27.481968212057836 1846.90247846907 2788.7484986921772 62.828589820768684 571.8283121639397 3745.690866632387 24.915222072741017 64.603317882283591 5240.9330458566546 1714.7839532643557
leaf_count=65466 47250 34095 114440 59502 11735 113301 79536 10499 62941 39421 17872 19802 34511 7212
internal_value=-0.000415412 -0.000140483 -0.00825538 0.000411706 -0.0333868 0.000606114 -0.000572821 -0.0063223 -0.00423639 0.0010361 -0.0279404 -0.0306199 0.00131837 0.00160904
internal_weight=19137.5 18979.3 1209.19 17770.1 158.257 17345.5 4635.65 1072.67 634.657 12709.9 117.001 89.5185 10701.4 6955.72
internal_count=717583 620924 253346 367578 96659 308076 192837 187880 73440 115239 49409 37674 81144 41723
is_linear=0
shrinkage=0.05


Tree=78
num_leaves=15
num_cat=0
split_feature=2 0 1 0 1 0 0 2 2 2 0 0 1 0
split_gain=64.9731 31.7919 14.6424 5.3678 4.80331 5.34926 3.89644 2.06337 1.52205 1.07566 2.19284 0.997718 1.33827 0.579389
threshold=74.500000000000014 -4.391846229205119 -4.6463958017008915 -5.5200287612774224 -2.7828417718017664 -2.2332494145958259 -5.1875697679890198 16.500000000000004 19.500000000000004 77.500000000000014 -4.7324137606702967 -0.054982390175775588 -1.0000000180025095e-35 2.5768375980186855
decision_type=2 2 2 2 2 2 2 2 2 2 2 2 2 2
left_child=1 6 7 -2 5 8 -1 -3 -4 -5 -11 -6 -13 -14
right_child=3 2 4 9 11 -7 -8 -9 -10 10 -12 12 13 -15
leaf_value=-0.016489438439392035 -0.048770023361905335 -0.0033436420898996671 -0.0017606974291720949 -0.0186130312736957 0.00034478335292126397 -0.0001777527684445222 -0.0098127347714094884 -0.0071030454571015551 -0.0033436420898996671 -0.038054327643065898 -0.024801917394665578 0.00085858193651091761 0.0019786772952310868 0.0043040543600168487
leaf_weight=127.6466546820011 39.29320072842529 37.317372162826359 179.62352415826172 26.9619123081211 6033.9630687227473 2635.6676607672125 257.86376735498197 604.59420648170635 888.17260833596811 23.979510023491457 62.993541988427751 6452.0934016024694 1426.6688087880611 329.79047629237175
leaf_count=63532 47250 2134 7563 11735 106770 104469 65548 117218 95911 17872 19802 50355 6098 1326
internal_value=-0.000406354 -0.000144467 0.000150286 -0.0328344 0.000415761 -0.00118839 -0.0143564 -0.00710305 -0.00334364 -0.0273386 -0.0300436 0.000832888 0.00119168 0.00241529
internal_weight=19126.6 18973.4 18587.9 153.228 17946 3703.46 385.51 641.912 1067.8 113.935 86.9731 14242.5 8208.55 1756.46
internal_count=717583 620924 491844 96659 372492 207943 129080 119352 103474 49409 37674 164549 57779 7424
is_linear=0
shrinkage=0.05


Tree=79
num_leaves=15
num_cat=0
split_feature=2 0 1 0 2 0 1 0 2 0 2 0 1 0
split_gain=60.8282 29.5348 13.4519 5.40381 5.18954 3.91842 2.22905 2.16553 1.76946 1.60713 1.05547 2.21178 0.810011 0.865619
threshold=74.500000000000014 -4.391846229205119 -4.7644457458473548 -5.5200287612774224 40.500000000000007 -5.1875697679890198 -2.808759530089179 -1.0123335090359844 16.500000000000004 -1.7741169220942108 77.500000000000014 -4.7324137606702967 -1.0000000180025095e-35 2.5768375980186855
decision_type=2 2 2 2 2 2 2 2 2 2 2 2 2 2
left_child=1 5 8 -2 6 -1 7 -4 -3 -6 -5 -12 -8 -14
right_child=3 2 4 10 9 -7 12 -9 -10 -11 11 -13 13 -15
leaf_value=-0.016208123570913318 -0.04870451155517691 -0.0032563663581339705 -0.0013538602432091092 -0.018021464453820281 -0.0032563663581339705 -0.0094152008095071821 0.00066012255344159287 6.6022985186216338e-05 -0.0068916687161571137 -0.0013538602432091092 -0.03771978265116236 -0.024164275261010504 0.0012820463409718564 0.0040901687787562235
leaf_weight=125.57299976493232 37.425875082670245 30.763144865632057 2021.5377534804866 26.46741427667439 512.20601506764069 255.37872178899124 12328.642968120053 1028.7137517984957 532.93943291343749 163.43411664711311 23.08649605337996 61.462460362468846 1637.4318834841251 329.68703824281693
leaf_count=63532 47250 1833 107868 11735 71559 65548 155629 26235 106525 13674 17872 19802 7195 1326
internal_value=-0.000391694 -0.000142163 0.000140323 -0.0322741 0.000378936 -0.0139237 0.000548646 -0.000678415 -0.00689167 -0.00325637 -0.0267351 -0.0294628 0.000810461 0.00175268
internal_weight=19114.8 18966.3 18585.4 148.442 18021.7 380.952 17346 3050.25 563.703 675.64 111.016 84.549 14295.8 1967.12
internal_count=717583 620924 491844 96659 383486 129080 298253 134103 108358 85233 49409 37674 164150 8521
is_linear=0
shrinkage=0.05


Tree=80
num_leaves=15
num_cat=0
split_feature=2 0 1 0 2 0 1 0 2 0 2 0 1 0
split_gain=56.9205 27.4318 12.3611 5.43318 4.83163 3.92347 1.98512 1.91044 1.73139 1.56582 1.03403 2.22813 0.718609 0.782008
threshold=74.500000000000014 -4.391846229205119 -4.7644457458473548 -5.5200287612774224 40.500000000000007 -5.1875697679890198 -2.7575180864296107 -1.0726682584797402 16.500000000000004 -1.7741169220942108 77.500000000000014 -4.7324137606702967 -1.0000000180025095e-35 2.5768375980186855
decision_type=2 2 2 2 2 2 2 2 2 2 2 2 2 2
left_child=1 5 8 -2 6 -1 7 -4 -3 -6 -5 -12 -8 -14
right_child=3 2 4 10 9 -7 12 -9 -10 -11 11 -13 13 -15
leaf_value=-0.015922776789157472 -0.04863601855094573 -0.0031622556364930689 -0.0013197163558798476 -0.017438202461803744 -0.0031622556364930689 -0.0090301458365735759 0.00063474387929788017 9.0382754833311053e-05 -0.006683895636405212 -0.0013197163558798476 -0.037383174753117566 -0.023527863757775429 0.0012175525499340766 0.0038868831456807537
leaf_weight=123.56734289368615 35.649485546222422 30.667160976678133 2013.8305257395841 25.99722937005572 510.5663999079261 253.01658390858211 12161.475184830837 1206.7655880600214 529.32096739602275 163.21868322044611 22.234071156941354 60.006264456780627 1637.9451877474785 329.58595150709152
leaf_count=63532 47250 1833 108462 11735 71559 65548 150627 30643 106525 13674 17872 19802 7195 1326
internal_value=-0.000376967 -0.000139209 0.000131528 -0.0317063 0.000359384 -0.0134993 0.000522823 -0.000597404 -0.0066839 -0.00316226 -0.0261303 -0.028878 0.00077817 0.0016647
internal_weight=19103.8 18960 18583.4 143.887 18023.4 376.584 17349.6 3220.6 559.988 673.785 108.238 82.2403 14129 1967.53
internal_count=717583 620924 491844 96659 383486 129080 298253 139105 108358 85233 49409 37674 159148 8521
is_linear=0
shrinkage=0.05


Tree=81
num_leaves=15
num_cat=0
split_feature=2 0 1 0 2 0 1 2 2 0 2 0 0 1
split_gain=53.2367 25.4717 11.3479 5.45576 4.53458 3.91315 1.8984 1.69095 1.01144 2.24181 0.926582 1.32326 1.25052 2.06827
threshold=74.500000000000014 -4.391846229205119 -4.7644457458473548 -5.5200287612774224 43.500000000000007 -5.1875697679890198 -3.9766478399518719 16.500000000000004 77.500000000000014 -4.7324137606702967 3.5000000000000004 -0.56670158540350157 2.1700093957610567 -0.32328576544983217
decision_type=2 2 2 2 2 2 2 2 2 2 2 2 2 2
left_child=1 5 7 -2 6 -1 -4 -3 -5 -10 12 -12 -8 -14
right_child=3 2 4 8 -6 -7 10 -9 9 -11 11 -13 13 -15
leaf_value=-0.015633865417678482 -0.048564395452265097 -0.0030695197055902596 -0.0012934161255954652 -0.016863806536341553 -0.0030695197055902596 -0.0086574709590007265 0.00076857473127171652 -0.0064800226462193942 -0.037044771861505531 -0.022893476473083013 -0.00020592676679239861 0.00074353337769852111 0.0017622497701470928 0.0045378668681844226
leaf_weight=121.62799398833886 33.959609455720056 30.574225695803761 521.10736709553748 25.550172862247564 510.9917939954903 250.77132426248863 4177.7155796065927 525.83478439436294 21.420233932731207 58.621328071109019 5787.6047152751125 6050.9325688742101 180.26751117408276 796.32885429263115
leaf_count=63532 47250 1833 41051 11735 69874 65548 21497 106525 17872 19802 176191 70843 789 3241
internal_value=-0.000362561 -0.000136016 0.000123472 -0.0311317 0.000340983 -0.0130835 0.000482687 -0.00648002 -0.0255251 -0.0282899 0.000585567 0.000341945 0.00114512 0.00275592
internal_weight=19093.3 18953.8 18581.4 139.551 18024.9 372.399 17514 556.409 105.592 80.0416 16992.8 11838.5 5154.31 976.596
internal_count=717583 620924 491844 96659 383486 129080 313612 108358 49409 37674 272561 247034 25527 4030
is_linear=0
shrinkage=0.05


Tree=82
num_leaves=15
num_cat=0
split_feature=2 0 1 0 2 0 1 2 2 0 2 0 0 1
split_gain=49.7485 23.626 10.3914 5.47143 4.22485 3.89045 1.78984 1.64854 0.98779 2.25275 0.802988 1.20212 1.05374 1.94305
threshold=74.500000000000014 -4.391846229205119 -4.7644457458473548 -5.5200287612774224 43.500000000000007 -5.1875697679890198 -3.9766478399518719 16.500000000000004 77.500000000000014 -4.7324137606702967 3.5000000000000004 -0.56670158540350157 2.1700093957610567 -0.32328576544983217
decision_type=2 2 2 2 2 2 2 2 2 2 2 2 2 2
left_child=1 5 7 -2 6 -1 -4 -3 -5 -10 12 -12 -8 -14
right_child=3 2 4 8 -6 -7 10 -9 9 -11 11 -13 13 -15
leaf_value=-0.015344291167888463 -0.048489493344151979 -0.0029823168925040039 -0.0012638143192598497 -0.016298797400312908 -0.0029823168925040039 -0.0082970515451971875 0.00072990896986531353 -0.0062828075946122254 -0.036704842313723056 -0.022261901166409151 -0.00019566751397718892 0.00070170316051819013 0.0016419297916884714 0.0043100523125052378
leaf_weight=119.75326367164962 32.352040304162074 30.484273811802268 520.45604454213753 25.125117761548609 509.45089145889506 248.63720353366807 4179.0394041985273 522.47661725012586 20.643083944567479 57.304197861347347 5786.5355239268392 6054.3025000002235 180.35984365642071 796.49468620121479
leaf_count=63532 47250 1833 41051 11735 69874 65548 21497 106525 17872 19802 176191 70843 789 3241
internal_value=-0.000353658 -0.000137834 0.000110776 -0.0305507 0.000318174 -0.0126764 0.000454688 -0.00628281 -0.0249202 -0.0276992 0.000554687 0.000327908 0.0010755 0.00255395
internal_weight=19083.4 18948 18579.6 135.424 18026.6 368.39 17517.2 552.961 103.072 77.9473 16996.7 11840.8 5155.89 976.855
internal_count=717583 620924 491844 96659 383486 129080 313612 108358 49409 37674 272561 247034 25527 4030
is_linear=0
shrinkage=0.05


Tree=83
num_leaves=15
num_cat=0
split_feature=2 0 1 0 2 0 1 2 2 0 2 0 0 0
split_gain=46.465 21.9086 9.50507 5.48009 3.93542 3.86374 1.6876 1.60439 0.96319 2.2609 0.693699 1.09245 0.906863 0.608666
threshold=74.500000000000014 -4.391846229205119 -4.7644457458473548 -5.5200287612774224 43.500000000000007 -5.3665894799949339 -3.9766478399518719 16.500000000000004 77.500000000000014 -4.7324137606702967 3.5000000000000004 -0.56670158540350157 2.5768375980186855 -1.355507225966901
decision_type=2 2 2 2 2 2 2 2 2 2 2 2 2 2
left_child=1 5 7 -2 6 -1 -4 -3 -5 -10 12 -12 -8 -6
right_child=3 2 4 8 13 -7 10 -9 9 -11 11 -13 -14 -15
leaf_value=-0.015051586386323543 -0.048411155208820181 -0.0028963808935904951 -0.0012340705584752657 -0.015743660014406382 -0.0028963808935904951 -0.0083358589574324248 0.00078912030092939613 -0.0060894891846653369 -0.03636364842829936 -0.021633911037134208 -0.00018591756726712427 0.00066207039636017369 0.0030045849459994483 -0.0012340705584752657
leaf_weight=88.199165948142763 30.822773075371515 30.39712053257972 519.82038704911247 24.720990324858576 443.7612456632778 276.35078469780274 4644.4717743247747 519.24090036167763 19.900813484215178 56.051586339017376 5785.5197758101858 6057.4839684208855 512.91509166359901 64.196897378191352
leaf_count=52366 47250 1833 41051 11735 64284 76714 23428 106525 17872 19802 176191 70843 2099 5590
internal_value=-0.000344761 -0.000139147 9.90531e-05 -0.029964 0.000296727 -0.012278 0.00042824 -0.00608949 -0.0243161 -0.0271063 0.000525458 0.000314687 0.00100945 -0.00289638
internal_weight=19073.9 18942.4 18577.8 131.496 18028.2 364.55 17520.2 549.638 100.673 75.9524 17000.4 11843 5157.39 507.958
internal_count=717583 620924 491844 96659 383486 129080 313612 108358 49409 37674 272561 247034 25527 69874
is_linear=0
shrinkage=0.05


Tree=84
num_leaves=15
num_cat=0
split_feature=2 0 1 0 0 2 1 2 2 0 1 0 1 0
split_gain=43.3836 20.364 8.69304 5.4817 3.84535 3.68435 1.59501 1.56117 0.937745 2.26621 0.624442 0.599724 0.522018 0.518085
threshold=74.500000000000014 -4.391846229205119 -4.7644457458473548 -5.5200287612774224 -5.3665894799949339 43.500000000000007 -3.9766478399518719 16.500000000000004 77.500000000000014 -4.7324137606702967 -1.0000000180025095e-35 -1.355507225966901 -7.864046635351218 -0.054982390175775588
decision_type=2 2 2 2 2 2 2 2 2 2 2 2 2 2
left_child=1 4 7 -2 -1 6 -4 -3 -5 -10 -8 -7 -6 -12
right_child=3 2 5 8 12 11 10 -9 9 -11 13 -13 -14 -15
leaf_value=-0.014754728675274199 -0.048329223460848024 -0.0028121959249608102 -0.0012027154240425238 -0.015198834745106849 -0.011370500185559866 -0.0028121959249608102 0.00039176455140465865 -0.005904069799190931 -0.03602144993070331 -0.021010266559576014 0.00086526131194336717 -0.0012027154240425238 -0.0072742875058320923 0.0018591441319024812
leaf_weight=86.888788993412163 29.367999142734334 30.312706657685339 519.20041348831728 24.336769947549328 9.2208371278829855 442.49680285016075 15035.181827240624 516.12365203164518 19.191707092802972 54.860363414394669 210.65410955250263 64.119643951300532 264.863633321831 1758.0346376001835
leaf_count=52366 47250 1833 41051 11735 3763 64284 264040 106525 17872 19802 1097 5590 72951 7424
internal_value=-0.00033321 -0.000137302 9.12602e-05 -0.0293722 -0.0118994 0.000279678 0.000406765 -0.00590407 -0.0237137 -0.026512 0.000501406 -0.0028122 -0.00798627 0.00133876
internal_weight=19064.9 18937.1 18576.1 127.757 360.973 18029.7 17523.1 546.436 98.3888 74.0521 17003.9 506.616 274.084 1968.69
internal_count=717583 620924 491844 96659 129080 383486 313612 108358 49409 37674 272561 69874 76714 8521
is_linear=0
shrinkage=0.05


Tree=85
num_leaves=15
num_cat=0
split_feature=2 0 1 0 0 2 2 1 2 0 0 2 0 0
split_gain=40.4718 18.9775 7.92923 5.47622 3.79787 3.44507 1.51963 1.50545 0.91156 2.26865 0.595314 0.571371 0.997782 0.800722
threshold=74.500000000000014 -4.391846229205119 -4.7644457458473548 -5.5200287612774224 -5.3665894799949339 43.500000000000007 16.500000000000004 -3.9766478399518719 77.500000000000014 -4.7324137606702967 -1.355507225966901 3.5000000000000004 -2.0588203998521566 2.5768375980186855
decision_type=2 2 2 2 2 2 2 2 2 2 2 2 2 2
left_child=1 4 6 -2 -1 7 -3 -4 -5 -10 -7 13 -13 -9
right_child=3 2 5 8 -6 10 -8 11 9 -11 -12 12 -14 -15
leaf_value=-0.014457836370199857 -0.04824353305441665 -0.0027373095567400614 -0.0011777579530033687 -0.014664722426417904 -0.0076730227895668388 -0.0027373095567400614 -0.0057337355256624704 0.00070601521347664689 -0.035678497744201322 -0.020391705887397422 -0.0011777579530033687 -0.00035198049606250406 0.00048066613212000627 0.0027877666805691936
leaf_weight=85.623053918126971 27.984093000646681 30.230961732566357 518.59688057564199 23.971483948174864 272.08455312787555 441.27250511059538 513.1189895872958 4647.0775941461325 18.514134210592601 53.727550439885817 64.044440269004554 1369.6173079642467 10479.235107169487 512.89906114339828
leaf_count=52366 47250 1833 41051 11735 76714 64284 106525 23428 17872 19802 5590 66907 180127 2099
internal_value=-0.000326524 -0.00013991 7.97535e-05 -0.0287758 -0.0115472 0.000259116 -0.00573374 0.000381794 -0.0231135 -0.025917 -0.00273731 0.000473797 0.000282557 0.00091294
internal_weight=19058 18933.8 18576.1 124.197 357.708 18032.7 543.35 17527.4 96.2132 72.2417 505.317 17008.8 11848.9 5159.98
internal_count=717583 620924 491844 96659 129080 383486 108358 313612 49409 37674 69874 272561 247034 25527
is_linear=0
shrinkage=0.05


Tree=86
num_leaves=15
num_cat=0
split_feature=2 0 1 0 0 2 2 1 2 0 0 2 0 0
split_gain=37.7336 17.6235 7.21755 5.46367 3.76113 3.21731 1.47342 1.41894 0.884742 2.26819 0.586824 0.524375 0.960114 0.746341
threshold=74.500000000000014 -4.391846229205119 -4.7644457458473548 -5.5200287612774224 -5.3665894799949339 43.500000000000007 16.500000000000004 -3.9766478399518719 77.500000000000014 -4.7324137606702967 -1.355507225966901 3.5000000000000004 -0.56670158540350157 2.1700093957610567
decision_type=2 2 2 2 2 2 2 2 2 2 2 2 2 2
left_child=1 4 6 -2 -1 7 -3 -4 -5 -10 -7 13 -13 -9
right_child=3 2 5 8 -6 10 -8 11 9 -11 -12 12 -14 -15
leaf_value=-0.014159100203228088 -0.048153899895238078 -0.0026604842872553066 -0.0011517366301927845 -0.014159100203228088 -0.0073463056496275202 -0.0026604842872553066 -0.005559595497735664 0.00057648763185029061 -0.035335026907180954 -0.0197789448818857 -0.0011517366301927845 -0.00021030674003315165 0.00056516225212290211 0.0021111515899248532
leaf_weight=84.400580465502571 26.66761012742063 30.151596481911838 518.00652633374557 23.624207120737992 270.02961986418813 440.08401462878101 510.21756692393683 4183.9896298497915 17.86654885718599 52.650311569334008 63.970880586653948 5788.0179145829752 6064.4450687002391 977.27376021444798
leaf_count=52366 47250 1833 41051 11735 76714 64284 106525 21497 17872 19802 5590 176191 70843 4030
internal_value=-0.000320468 -0.000142706 6.80212e-05 -0.0281755 -0.0111872 0.000238627 -0.0055596 0.000357011 -0.0225162 -0.0253217 -0.00266048 0.000446426 0.000263252 0.000867073
internal_weight=19051.4 18930.6 18576.2 120.809 354.43 18035.8 540.369 17531.7 94.1411 70.5169 504.055 17013.7 11852.5 5161.26
internal_count=717583 620924 491844 96659 129080 383486 108358 313612 49409 37674 69874 272561 247034 25527
is_linear=0
shrinkage=0.05


Tree=87
num_leaves=15
num_cat=0
split_feature=0 2 1 2 2 1 2 0 1 0 0 1 0 0
split_gain=35.8535 17.3409 10.1112 4.10171 3.41397 2.65454 1.75941 1.56607 1.52358 1.22556 1.20772 0.963764 0.535482 0.407153
threshold=-5.585978016888701 74.500000000000014 -4.6244206486568036 72.500000000000014 38.500000000000007 -7.6296585936489434 16.500000000000004 -1.355507225966901 -5.351861388773413 -6.6348888657299527 -3.7647331265251309 -2.7828417718017664 -1.0726682584797402 -4.3661744683518382
decision_type=2 2 2 2 2 2 2 2 2 2 2 2 2 2
left_child=3 2 6 5 10 -1 -2 -6 -8 -7 -4 12 -12 -10
right_child=1 -3 4 -5 7 9 8 -9 13 -11 11 -13 -14 -15
leaf_value=-0.036640769219139196 -0.0026543521732320134 -0.016662586197225982 -0.0011570196368003015 -0.048307645058613964 -0.0026543521732320134 -0.027372204763510523 -0.0083589874724717943 -0.0011570196368003015 -0.0064482593323814093 -0.016662586197225982 -0.00037620769159743615 0.0005749096089284545 9.9350958665509162e-05 -0.0045375311922910234
leaf_weight=13.107607442303559 40.310283812694252 93.656585551565513 152.53686644299887 29.010981503583025 678.53460759157315 5.2354227148462078 411.5804105415009 128.09832340478897 42.335254181874916 35.343581346096471 1767.4015243835747 14182.150552151725 1141.9117917204276 321.78727365727536
leaf_count=11522 2507 51709 12033 50275 89961 3654 118755 9218 14484 19823 88612 158701 28742 57587
internal_value=-0.000308893 -0.000165611 -5.53887e-05 -0.0331596 0.000190719 -0.0249739 -0.00549942 -0.00265435 -0.00642071 -0.0181036 0.000340313 0.000404604 -0.000376208 -0.00453753
internal_weight=19043 18960.3 18866.6 82.6976 18050.6 53.6866 816.013 806.633 775.703 40.579 17244 17091.5 2909.31 364.123
internal_count=717583 632309 580600 85274 387267 34999 193333 99179 190826 23477 288088 276055 117354 72071
is_linear=0
shrinkage=0.05


Tree=88
num_leaves=15
num_cat=0
split_feature=0 2 0 2 2 1 1 2 0 0 1 0 1 2
split_gain=33.6242 16.3815 9.09395 4.10985 3.8779 2.65012 1.74616 1.51906 1.78712 1.19952 1.04781 0.92493 0.772174 0.356026
threshold=-5.585978016888701 74.500000000000014 -3.204309248694436 72.500000000000014 44.500000000000007 -7.6296585936489434 -7.2271996557495397 14.500000000000002 -1.5285520000470518 -6.6348888657299527 -2.1586855846182957 -4.391846229205119 -4.8330471961588506 6.5000000000000009
decision_type=2 2 2 2 2 2 2 2 2 2 2 2 2 2
left_child=3 2 6 5 7 -1 -2 10 -9 -7 -4 -8 -13 -12
right_child=1 -3 4 -5 -6 9 11 8 -10 -11 13 12 -14 -15
leaf_value=-0.036310921981547881 -0.0082229644435741489 -0.01638995345754014 0.00010868467684143191 -0.048220981761056159 -0.0021471128707098264 -0.026916128659161938 -0.0060692455363137027 -0.0008954022311029663 0.00010868467684143191 -0.01638995345754014 0.00104269338071483 -0.0045591677327769522 -0.0021471128707098264 0.00048822297814079033
leaf_weight=12.63707324140705 42.003201561863534 92.116860786743928 2012.2390950536355 27.644462413503788 408.29987495881505 5.0945622324943534 257.06341082928702 1828.2892274758779 2792.9117090832442 34.76290343189612 7927.9460117146373 257.79704664833844 524.01045180461369 2813.3830862492323
leaf_count=11522 17439 51709 34095 50275 59502 3654 73552 113301 79536 19823 45867 64737 57294 35277
internal_value=-0.000298774 -0.000162142 -5.59754e-05 -0.0326178 0.000214678 -0.0244009 -0.0045089 0.000356308 -0.000420362 -0.0175213 0.000637732 -0.00391553 -0.00304909 0.000867761
internal_weight=19036.2 18956.1 18863.9 80.139 17783.1 52.4945 1080.87 17374.8 4621.2 39.8575 12753.6 1038.87 781.807 10741.3
internal_count=717583 632309 580600 85274 367578 34999 213022 308076 192837 23477 115239 195583 122031 81144
is_linear=0
shrinkage=0.05


Tree=89
num_leaves=15
num_cat=0
split_feature=0 2 1 2 0 1 2 0 2 1 1 0 0 0
split_gain=31.4935 15.4526 8.37803 4.1144 2.97455 2.64448 1.66703 2.2978 1.61524 1.37377 1.28661 1.1711 0.525946 0.38815
threshold=-5.585978016888701 74.500000000000014 -4.6244206486568036 72.500000000000014 -3.0120232414520243 -7.6296585936489434 14.500000000000002 -1.355507225966901 16.500000000000004 -5.351861388773413 -2.1586855846182957 -6.6348888657299527 -5.0492854023627363 -4.3661744683518382
decision_type=2 2 2 2 2 2 2 2 2 2 2 2 2 2
left_child=3 2 8 5 -4 -1 10 -8 -2 12 -6 -7 -10 -11
right_child=1 -3 4 -5 6 11 7 -9 9 13 -12 -13 -14 -15
leaf_value=-0.035977552154067373 -0.0024444526833293481 -0.016116894342887721 -0.0024444526833293481 -0.048130336409164871 3.2438394667726929e-05 -0.026458151624521132 -0.0010764478748329389 3.2438394667726929e-05 -0.0080910175156494249 -0.0060951863907193551 0.00084745376104256986 -0.016116894342887721 -0.0061671477561762887 -0.0042040966693764233
leaf_weight=12.187405457370913 40.146080615464598 90.626900437928271 729.23614428495057 26.344520638638642 1980.0044074654579 4.9597324054921037 2073.6553356056102 2542.4278165102005 49.816316286684014 41.816326605156064 10729.504092425108 34.200982368900441 356.45047233696096 319.649832832627
leaf_count=11522 2507 51709 78478 50275 32724 3654 122890 72349 24251 14484 80826 19823 94504 57587
internal_value=-0.000297558 -0.000167332 -6.51407e-05 -0.0320665 0.000157762 -0.0238248 0.000291557 -0.000522257 -0.00504667 -0.00596374 0.000587133 -0.0169388 -0.00798628 -0.0042041
internal_weight=19031 18953.3 18862.7 77.6926 18054.8 51.3481 17325.6 4616.08 807.879 767.733 12709.5 39.1607 406.267 361.466
internal_count=717583 632309 580600 85274 387267 34999 308789 195239 193333 190826 113550 23477 118755 72071
is_linear=0
shrinkage=0.05


Tree=90
num_leaves=15
num_cat=0
split_feature=0 2 1 0 2 1 1 2 0 1 0 2 1 2
split_gain=29.5055 16.0367 7.8749 2.67569 2.65594 2.04836 1.67704 1.49324 2.19774 1.2027 1.08796 1.08733 0.60993 0.35226
threshold=-5.6880986482067106 74.500000000000014 -4.6244206486568036 -3.0120232414520243 72.500000000000014 -7.2271996557495397 -7.6296585936489434 14.500000000000002 -1.355507225966901 -2.1586855846182957 -6.6348888657299527 16.500000000000004 -5.351861388773413 53.500000000000007
decision_type=2 2 2 2 2 2 2 2 2 2 2 2 2 2
left_child=4 2 5 -4 6 -2 -1 9 -9 -5 -8 -7 -13 -14
right_child=1 -3 3 7 -6 11 10 8 -10 -11 -12 12 13 -15
leaf_value=-0.037184225395683404 -0.0085601634805889722 -0.017048824836733017 -0.0023754343476720032 2.5838366582570582e-05 -0.04780528136749633 -0.0023754343476720032 -0.028804501222751629 -0.0010520777398732811 2.5838366582570582e-05 0.00080469892583652036 -0.017048824836733017 -0.006274847629467048 -0.0036495606726476173 -0.0049622041510573329
leaf_weight=10.487840462708844 44.073682060115971 91.110089763649739 729.94928074511699 1980.0585567690432 22.516020990296965 39.79753278568387 4.8306631121085948 2071.5218466632068 2542.5031580780633 10734.469929996878 27.153832817333754 365.02450832957402 236.76080921269022 123.98983878316358
leaf_count=10455 19324 55196 79072 32724 46185 2480 3654 122890 72349 80826 16536 103281 39497 33114
internal_value=-0.000290173 -0.000174888 -7.15021e-05 0.000144787 -0.0339228 -0.00489566 -0.0265632 0.000271279 -0.000499207 0.000550883 -0.0204248 -0.00398953 -0.00492369 -0.00364956
internal_weight=19024.2 18959.3 18868.1 18058.5 64.9884 809.646 42.4723 17328.6 4614.03 12714.5 31.9845 765.573 725.775 360.751
internal_count=717583 640753 585557 387861 76830 197696 30645 308789 195239 113550 20190 178372 175892 72611
is_linear=0
shrinkage=0.05


Tree=91
num_leaves=15
num_cat=0
split_feature=0 2 1 2 0 1 1 2 0 2 1 2 0 1
split_gain=27.7171 15.0943 7.07631 2.66173 2.44494 2.07247 1.67295 1.36798 1.07651 1.0195 0.648815 0.808385 0.607057 0.572487
threshold=-5.6880986482067106 74.500000000000014 -4.6244206486568036 72.500000000000014 -3.0120232414520243 -7.2271996557495397 -7.6296585936489434 47.500000000000007 -6.6348888657299527 16.500000000000004 -2.6800351835346206 13.500000000000002 -1.4423633933853888 -5.351861388773413
decision_type=2 2 2 2 2 2 2 2 2 2 2 2 2 2
left_child=3 2 5 6 -4 -2 -1 10 -8 -7 12 -12 -6 -11
right_child=1 -3 4 -5 7 9 8 -9 -10 13 11 -13 -14 -15
leaf_value=-0.036851669323832457 -0.0084301590117209831 -0.016787169356823225 -0.0022635925347846077 -0.047695448450557829 -0.0003352841173868783 -0.0022635925347846077 -0.028356427957273722 -0.0010056675430806055 -0.016787169356823225 -0.0060933487045829208 0.0006952005504880051 0.00010347162352539061 0.00010347162352539061 -0.0034761646527910655
leaf_weight=10.10576725983992 43.699965139152482 89.577302555611823 728.27932880271692 21.465998007450253 1466.7777241081931 39.706881409976631 4.6939512653043485 173.07987011922523 26.697224264731634 362.75973921257537 11587.307519365102 2153.9324013339356 1950.1916043618694 359.29152451071423
leaf_count=10455 19324 55196 79072 46185 84868 2480 3654 21854 16536 103281 91732 54844 55491 72611
internal_value=-0.00028251 -0.000172495 -7.31487e-05 -0.0334018 0.00013136 -0.00465855 -0.0260079 0.000252257 -0.0198612 -0.00375654 0.000335099 0.00048842 -0.000281477 -0.00468874
internal_weight=19017.6 18954.6 18865 62.9629 18059.6 805.458 41.4969 17331.3 31.3912 761.758 17158.2 13741.2 3416.97 722.051
internal_count=717583 640753 585557 76830 387861 197696 30645 308789 20190 178372 286935 146576 140359 175892
is_linear=0
shrinkage=0.05


Tree=92
num_leaves=15
num_cat=0
split_feature=0 2 0 2 2 1 1 0 1 0 1 2 0 1
split_gain=26.0132 14.1883 6.41866 3.07303 2.66515 2.27277 1.66803 1.06304 0.984959 0.716689 1.00474 0.34968 1.1169 0.824287
threshold=-5.6880986482067106 74.500000000000014 -3.204309248694436 44.500000000000007 72.500000000000014 -7.2271996557495397 -7.6296585936489434 -6.6348888657299527 -4.3720561522295034 -4.6020927380434147 -4.8330471961588506 7.5000000000000009 -1.242868953714271 -2.2849012842882677
decision_type=2 2 2 2 2 2 2 2 2 2 2 2 2 2
left_child=4 2 5 8 6 -2 -1 -8 -4 -7 -11 13 -13 -10
right_child=1 -3 3 -5 -6 9 7 -9 11 10 -12 12 -14 -15
leaf_value=-0.036514737363864146 -0.0083010804510084447 -0.016523011687241219 -0.00078323933094344856 -0.0018437376819673387 -0.047580622715353099 -0.0057373021588390709 -0.027905581412451686 -0.016523011687241219 0.00033594700962770994 -0.0041435308551952639 -0.0018437376819673387 -0.00021563955959771672 0.00033594700962770994 0.00087606911853764654
leaf_weight=9.7408191406284441 42.798181714024395 88.093119862896856 302.0817753537558 404.86093295528553 20.467141576547874 187.38233610568568 4.5631337653030632 26.255087374534927 469.29794394224882 288.83849505800754 553.92288053454831 2826.6471894844435 5112.1694835219532 8675.8621537312865
leaf_count=10455 19221 55196 31113 59502 46185 59117 3654 16536 5439 76700 62941 120400 98047 53077
internal_value=-0.0002795 -0.000174553 -7.91492e-05 0.00014735 -0.0328715 -0.00383482 -0.0254489 -0.0192964 0.000277259 -0.00317352 -0.00254976 0.00035196 0.000109171 0.000562723
internal_weight=19013 18952 18863.9 17790.9 61.0262 1072.94 40.559 30.8182 17386.1 1030.14 842.761 17084 7938.82 9145.16
internal_count=717583 640753 585557 367578 76830 217979 30645 20190 308076 198758 139641 276963 218447 58516
is_linear=0
shrinkage=0.05


Tree=93
num_leaves=15
num_cat=0
split_feature=0 2 1 2 2 1 1 0 0 2 0 1 1 0
split_gain=24.3892 13.3168 5.87206 2.66616 2.11807 2.06344 1.66229 1.16973 1.04769 0.916007 0.894091 0.527924 0.50124 0.407104
threshold=-5.6880986482067106 74.500000000000014 -4.6244206486568036 72.500000000000014 38.500000000000007 -7.2271996557495397 -7.6296585936489434 -1.355507225966901 -6.6348888657299527 16.500000000000004 -3.7647331265251309 -2.7828417718017664 -5.351861388773413 -1.0726682584797402
decision_type=2 2 2 2 2 2 2 2 2 2 2 2 2 2
left_child=3 2 5 6 10 -2 -1 -6 -8 -7 -4 13 -11 -12
right_child=1 -3 4 -5 7 9 8 -9 -10 12 11 -13 -14 -15
leaf_value=-0.03617350658942229 -0.0081736628520182545 -0.016256924845407146 -0.00094114561276968179 -0.047460592767458676 -0.0020950333232670356 -0.0020950333232670356 -0.027452186285297244 -0.00094114561276968179 -0.016256924845407146 -0.0056564875393613524 -0.00033413076101406391 0.00039845180018308751 -0.0032118194442624474 3.2160519584511813e-05
leaf_weight=9.3921846441808139 42.982281015079934 86.656196450872812 151.61609317129478 19.516962036461337 672.58545362355653 39.550199968740344 4.4379450625856398 127.74273430136964 25.827022700279489 359.18215193180367 1761.883338032756 14208.57616641745 357.23063511552755 1142.6325583523139
leaf_count=10455 19324 55196 12182 46185 90406 2480 3654 9218 16536 103281 88612 158701 72611 28742
internal_value=-0.000282033 -0.000181956 -9.04009e-05 -0.0323319 9.51179e-05 -0.00428518 -0.0248864 -0.00209503 -0.0187309 -0.00339832 0.000212742 0.000272884 -0.00432861 -0.000334131
internal_weight=19009.8 18950.6 18864 59.1741 18065 798.945 39.6572 800.328 30.265 755.963 17264.7 17113.1 716.413 2904.52
internal_count=717583 640753 585557 76830 387861 197696 30645 99624 20190 178372 288237 276055 175892 117354
is_linear=0
shrinkage=0.05


Tree=94
num_leaves=15
num_cat=0
split_feature=0 2 0 2 2 1 1 0 1 0 1 1 0 2
split_gain=22.8668 12.4997 5.39203 2.72622 2.66473 2.20692 1.65574 1.03111 0.869971 0.642745 0.875373 0.287576 0.417909 0.227084
threshold=-5.6880986482067106 74.500000000000014 -3.204309248694436 44.500000000000007 72.500000000000014 -7.2271996557495397 -7.6296585936489434 -6.6348888657299527 -4.3720561522295034 -4.6020927380434147 -4.8330471961588506 -1.0000000180025095e-35 2.5768375980186855 50.500000000000007
decision_type=2 2 2 2 2 2 2 2 2 2 2 2 2 2
left_child=4 2 5 8 6 -2 -1 -8 -4 -7 13 -10 -13 -11
right_child=1 -3 3 -5 -6 9 7 -9 11 10 -12 12 -14 -15
leaf_value=-0.035828053960425675 -0.0080353016889547022 -0.015980627673728199 -0.00073613547942049642 -0.0017132931891092583 -0.047335142942810375 -0.0054666381326801163 -0.026996463837521474 -0.015980627673728199 0.0002381259637269565 -0.0028003888622031427 -0.0017132931891092583 0.00055924972565772038 0.0025073398239152996 -0.0038874845352970264
leaf_weight=9.0590919627575186 42.102362637873739 85.265184971009148 301.11718359217048 403.11782127758488 18.613087978912517 185.64024120010436 4.31813206069637 25.412629854341507 15121.213301684242 121.06171897379681 552.28157405368984 1641.2111830413342 328.82920387387276 165.22044186177664
leaf_count=10455 19221 55196 31113 59502 46185 59117 3654 16536 268453 26304 62941 7184 1326 50396
internal_value=-0.000273334 -0.000177869 -8.99757e-05 0.000116963 -0.0317834 -0.00354355 -0.024321 -0.0181649 0.000241022 -0.00289797 -0.00230833 0.000312155 0.000880373 -0.00388748
internal_weight=19004.5 18947.1 18861.8 17795.5 57.4029 1066.31 38.7899 29.7308 17392.4 1024.2 838.564 17091.3 1970.04 286.282
internal_count=717583 640753 585557 367578 76830 217979 30645 20190 308076 198758 139641 276963 8510 76700
is_linear=0
shrinkage=0.05


Tree=95
num_leaves=15
num_cat=0
split_feature=0 2 0 2 2 1 0 1 1 0 1 2 0 1
split_gain=21.4193 11.7171 4.92898 2.66082 2.57822 2.17236 1.66702 1.09039 0.827749 0.588618 0.832223 0.270114 0.980294 0.758372
threshold=-5.6880986482067106 74.500000000000014 -3.204309248694436 72.500000000000014 44.500000000000007 -7.2271996557495397 -6.6348888657299527 -7.6296585936489434 -4.3720561522295034 -4.6020927380434147 -4.8330471961588506 7.5000000000000009 -1.242868953714271 -2.2849012842882677
decision_type=2 2 2 2 2 2 2 2 2 2 2 2 2 2
left_child=3 2 5 6 8 -2 -1 -8 -4 -7 -11 13 -13 -10
right_child=1 -3 4 -5 -6 9 7 -9 11 10 -12 12 -14 -15
leaf_value=-0.035478533051449559 -0.0078974515389654779 -0.01570185242187239 -0.00071081716075220103 -0.047204052387950751 -0.0016478986740438716 -0.0053175683877508938 -0.026820710216167384 -0.01570185242187239 0.00028237665573385869 -0.0037580293696107582 -0.0016478986740438716 -0.0002071712244533883 0.00028237665573385869 0.00079249451254377796
leaf_weight=6.6516450234339564 41.76708285312634 83.91948147903895 300.90101599832997 17.753264757106081 402.43823401280679 184.63892723934259 6.2926144293742281 25.011729212012142 469.58031436987221 285.31030990206636 551.36854913760908 2826.3829577658325 5115.9188873115927 8682.1876699142158
leaf_count=6630 19221 55196 31113 46185 59502 59117 7479 16536 5439 76700 62941 120400 98047 53077
internal_value=-0.000268418 -0.000177382 -9.30507e-05 -0.0312263 0.0001045 -0.0034003 -0.023753 -0.0181629 0.000226264 -0.00276237 -0.00219849 0.000296475 8.31208e-05 0.000481632
internal_weight=19000.1 18944.4 18860.5 55.7093 17797.4 1063.08 37.956 31.3043 17395 1021.32 836.679 17094.1 7942.3 9151.77
internal_count=717583 640753 585557 76830 367578 217979 30645 24015 308076 198758 139641 276963 218447 58516
is_linear=0
shrinkage=0.05


Tree=96
num_leaves=15
num_cat=0
split_feature=0 2 1 2 1 2 0 0 1 2 1 0 1 2
split_gain=20.0533 10.9652 4.51303 2.65215 2.00098 1.74048 1.66809 1.23581 1.06721 0.789038 0.477337 0.468335 0.417833 0.348927
threshold=-5.6880986482067106 74.500000000000014 -4.6244206486568036 72.500000000000014 -7.2271996557495397 47.500000000000007 -6.6348888657299527 -3.0590583565846807 -7.6296585936489434 16.500000000000004 -2.7575180864296107 -1.0726682584797402 -5.351861388773413 21.500000000000004
decision_type=2 2 2 2 2 2 2 2 2 2 2 2 2 2
left_child=3 2 4 6 -2 7 -1 -4 -8 -6 11 -9 -11 -12
right_child=1 -3 5 -5 9 -7 8 10 -10 12 13 -13 -14 -15
leaf_value=-0.035130936969589077 -0.0077641026136078322 -0.015425315083063166 -0.00086559756833065799 -0.047067088518707688 -0.0018707774184673347 -0.0018707774184673347 -0.026358333170781619 -0.00031324908783489022 -0.015425315083063166 -0.0050914587118254806 0.0004570707869524719 2.5239922116559166e-05 -0.0028691984110958118 2.5239922116559166e-05
leaf_weight=6.420341803575865 41.970668015419506 82.617850075504975 518.03634356451221 16.935348186409101 39.3511912394315 344.7566559688421 6.1263611244503435 1914.5408694646321 24.623952957452275 354.69995025126263 13315.649897310883 1233.9598012035713 354.61963067622855 742.9006017036736
leaf_count=6630 19324 55196 44335 46185 2480 54409 7479 102389 16536 103281 125837 32363 72611 28528
internal_value=-0.000270558 -0.000183739 -0.00010289 -0.0306669 -0.00380045 5.88957e-05 -0.0231948 0.000139582 -0.0175857 -0.00293989 0.000239099 -0.000313249 -0.00386762 0.000363729
internal_weight=18997.2 18943.1 18860.5 54.106 790.641 18069.8 37.1707 17725.1 30.7503 748.671 17207.1 3148.5 709.32 14058.6
internal_count=717583 640753 585557 76830 197696 387861 30645 333452 24015 178372 289117 134752 175892 154365
is_linear=0
shrinkage=0.05


Tree=97
num_leaves=15
num_cat=0
split_feature=0 2 2 1 1 2 2 0 0 1 1 0 2 2
split_gain=18.7803 9.29833 4.07373 4.0723 2.58174 1.85804 1.3257 1.08654 0.920746 0.739439 0.381844 0.511211 0.366633 0.325023
threshold=-5.585978016888701 76.500000000000014 72.500000000000014 -4.7644457458473548 -7.6296585936489434 43.500000000000007 16.500000000000004 -3.0590583565846807 -6.6348888657299527 -7.2271996557495397 -2.7575180864296107 -1.0726682584797402 21.500000000000004 73.500000000000014
decision_type=2 2 2 2 2 2 2 2 2 2 2 2 2 2
left_child=2 3 4 6 -1 7 -2 -5 -6 -8 11 -9 -12 -11
right_child=1 -3 -4 5 8 -7 9 10 -10 13 12 -13 -14 -15
leaf_value=-0.033336515653784864 -0.0019035772765215221 -0.013912376423432357 -0.047319618069346654 -0.00088577333069106911 -0.02362444603860861 -0.0019035772765215221 -0.0070101430543150758 -0.00033269392412143016 -0.013912376423432357 -0.0037918640562988669 0.00043409413516242899 2.3728207482362051e-05 2.3728207482362051e-05 -0.0056180416876590832
leaf_weight=9.4481800403445941 31.885217228438705 64.849224380624946 18.512730040063616 482.50034521450289 3.9176679051597558 543.15440549619962 41.213919960253406 1858.7593988087028 30.535164469678424 609.29947879514657 13319.332201339304 1224.8191749248654 735.16960206162184 19.929064174590167
leaf_count=11522 2133 43179 50275 38981 3654 82873 18968 96092 19823 154798 125837 31625 27943 9880
internal_value=-0.000266475 -0.000176199 -0.0276486 -0.00010791 -0.0193534 3.654e-05 -0.00384369 0.000132031 -0.0139124 -0.00488459 0.000220385 -0.000283477 0.000330934 -0.00422594
internal_weight=18993.3 18930.9 62.4137 18866.1 43.901 18163.7 702.328 17620.6 34.4528 670.442 17138.1 3083.58 14054.5 629.229
internal_count=717583 632309 85274 589130 34999 403351 185779 320478 23477 183646 281497 127717 153780 164678
is_linear=0
shrinkage=0.05


Tree=98
num_leaves=15
num_cat=0
split_feature=0 2 1 2 0 0 1 2 1 2 2 1 0 1
split_gain=17.5747 9.77767 3.89362 2.62169 1.68066 1.63656 1.61845 1.31234 1.00723 0.850635 0.290455 0.272909 0.374462 0.226114
threshold=-5.6880986482067106 76.500000000000014 -4.7644457458473548 72.500000000000014 -6.6348888657299527 -3.0590583565846807 -7.1840180009024497 50.500000000000007 -7.6296585936489434 16.500000000000004 73.500000000000014 -1.0000000180025095e-35 -0.054982390175775588 -5.351861388773413
decision_type=2 2 2 2 2 2 2 2 2 2 2 2 2 2
left_child=3 2 6 4 -1 -4 -2 11 -6 -8 13 -7 -13 -11
right_child=1 -3 5 -5 8 7 9 -9 -10 10 -12 12 -14 -15
leaf_value=-0.034436584348397921 -0.0074869162577478462 -0.014859867338412856 -0.0018655664634374192 -0.046773318219895318 -0.025427479810232786 0.0001492708325260277 -0.0018655664634374192 -0.00086981914768302193 -0.014859867338412856 -0.004374001898644014 -0.0051941184840349859 0.00046183260470150222 0.00126245897697831 -0.0029283155268022901
leaf_weight=6.0332950717420308 46.690207963227294 65.269268141855719 719.10008756106254 15.411077161785213 5.7719042181270224 15346.253653907683 31.558997417334467 132.34816185804084 23.915384619496763 341.09732703701593 19.8500810120604 209.35270002484322 1760.7087728530169 266.18477936787531
leaf_count=6630 22353 46110 84737 46185 7479 292403 2102 18415 16536 99192 10137 1081 7424 56799
internal_value=-0.000262341 -0.000183304 -0.000113965 -0.0295364 -0.0220999 2.75444e-05 -0.00375868 0.000125928 -0.0164184 -0.00290132 -0.00399106 0.000220391 0.000774394 -0.00355389
internal_weight=18989.5 18938.4 18873.1 51.1317 35.7206 18167.8 705.381 17448.7 29.6873 658.691 627.132 17316.3 1970.06 607.282
internal_count=717583 640753 594643 76830 30645 404060 190583 319323 24015 168230 166128 300908 8505 155991
is_linear=0
shrinkage=0.05


Tree=99
num_leaves=15
num_cat=0
split_feature=0 2 1 2 0 1 2 0 1 2 0 1 2 1
split_gain=16.4261 9.22015 3.49639 2.60559 1.67947 1.60473 1.51365 1.01592 0.981601 0.801798 0.358744 0.33384 0.291881 0.210275
threshold=-5.6880986482067106 76.500000000000014 -4.7644457458473548 72.500000000000014 -6.6348888657299527 -7.1840180009024497 43.500000000000007 -3.1552956622595381 -7.6296585936489434 16.500000000000004 -1.355507225966901 -4.3720561522295034 73.500000000000014 -5.351861388773413
decision_type=2 2 2 2 2 2 2 2 2 2 2 2 2 2
left_child=3 2 5 4 -1 -2 7 -4 -6 -7 -8 -9 13 -11
right_child=1 -3 6 -5 8 9 10 11 -10 12 -12 -13 -14 -15
leaf_value=-0.034078224997088846 -0.0073419668944063807 -0.014568953918406683 -0.000837114018769029 -0.046617260475945929 -0.024961509723455247 -0.0017784621697462498 -0.0017784621697462498 -0.00032335322222863016 -0.014568953918406683 -0.0042070865977268451 -0.000837114018769029 0.00023805624481123227 -0.0050344427973857617 -0.0027974362395803403
leaf_weight=5.8295066291466346 46.343635405704845 64.31068169802893 426.8105633163359 14.707324166054603 5.6272100876085487 31.502368898130953 478.91335321508814 147.54346920317039 23.564267619512975 339.62043141096365 63.895102902781218 17051.272014634218 19.747699092724361 265.41523265035357
leaf_count=6630 22353 46110 35343 46185 7479 2102 77649 12902 16536 99192 5727 272439 10137 56799
internal_value=-0.000257159 -0.00018179 -0.00011498 -0.0289561 -0.0215392 -0.00357578 1.88601e-05 0.000104234 -0.0158448 -0.00272692 -0.00177846 0.000190408 -0.00381641 -0.00337973
internal_weight=18985.1 18935.4 18871.1 49.7283 35.021 702.629 18168.4 17625.6 29.1915 656.286 542.808 17198.8 624.783 605.036
internal_count=717583 640753 594643 76830 30645 190583 404060 320684 24015 168230 83376 285341 166128 155991
is_linear=0
shrinkage=0.05


Tree=100
num_leaves=15
num_cat=0
split_feature=0 2 0 2 2 1 0 1 1 2 2 0 1 0
split_gain=15.3414 8.68976 3.17218 2.58702 1.98485 1.72385 1.67752 0.955311 0.658319 0.434274 0.21895 0.30647 0.180077 0.35204
threshold=-5.6880986482067106 76.500000000000014 -3.204309248694436 72.500000000000014 46.500000000000007 -7.2271996557495397 -6.6348888657299527 -7.6296585936489434 -3.9321862550580593 72.500000000000014 27.500000000000004 -1.4986774466797663 -4.8330471961588506 -4.6020927380434147
decision_type=2 2 2 2 2 2 2 2 2 2 2 2 2 2
left_child=3 2 5 6 8 -2 -1 -8 -4 12 -10 -12 -7 -14
right_child=1 -3 4 -5 -6 9 7 -9 10 -11 11 -13 13 -15
leaf_value=-0.033716490767430489 -0.0071949286644909047 -0.014274635130255703 -0.00060528502878259567 -0.046454365052768259 -0.0013635390953691704 -0.0028622502042479929 -0.024494933797598619 -0.014274635130255703 0.00028285823430081728 -0.0047142369870498899 -0.00018793848876952996 4.7459872765643665e-05 -0.0021640948217614988 -0.0013635390953691704
leaf_weight=5.6346019770717239 42.180781163042411 63.384471823141212 692.42549354070798 14.037877075519644 329.76631956757046 367.68917998857796 5.4886906036408645 23.22500667226268 15660.367138604634 31.222808868449647 592.02693510521203 533.51343018468469 75.027853630599566 545.67218612879515
leaf_count=6630 20930 46110 59256 46185 51855 113480 7479 16536 193815 14513 40399 22874 14999 62522
internal_value=-0.000251447 -0.000179588 -0.000115222 -0.0283697 4.30759e-05 -0.00277015 -0.0209786 -0.0152734 0.000152969 -0.00223355 0.000229408 -0.000187938 -0.00198538 -0.00146594
internal_weight=18981.7 18933.3 18869.9 48.3862 17808.1 1061.79 34.3483 28.7137 17478.3 1019.61 16785.9 1125.54 988.389 620.7
internal_count=717583 640753 594643 76830 368199 226444 30645 24015 316344 205514 257088 63273 191001 77521
is_linear=0
shrinkage=0.05


Tree=101
num_leaves=15
num_cat=0
split_feature=0 2 1 2 2 0 0 2 1 1 1 0 2 0
split_gain=14.3142 8.18288 2.92894 2.56599 1.98266 3.98152 1.67479 1.58714 1.29796 0.928333 0.776941 0.380278 0.347692 0.252979
threshold=-5.6880986482067106 76.500000000000014 -7.1840180009024497 72.500000000000014 16.500000000000004 -1.355507225966901 -6.6348888657299527 29.500000000000004 -3.7390090967074072 -7.6296585936489434 -2.3438341511669845 -1.5819498194939212 9.5000000000000018 0.29018452332313793
decision_type=2 2 2 2 2 2 2 2 2 2 2 2 2 2
left_child=3 2 -2 6 10 7 -1 8 -6 -8 -4 -9 13 -12
right_child=1 -3 4 -5 5 -7 9 11 -10 -11 12 -13 -14 -15
leaf_value=-0.033351492674791552 -0.0070484490663686693 -0.01397883850138662 -0.00034060749426086828 -0.046284373656739687 -0.0022643472844821938 -0.00034060749426086828 -0.024028053936084051 -0.003500459916953259 -0.0013051570971142875 -0.01397883850138662 0.00028243309731349197 -0.0022643472844821938 3.0923843008739267e-05 0.00073278940581777443
leaf_weight=5.4481669772649175 45.69481486629229 62.48985806357814 1965.7019393760711 13.401064915902678 298.76623395527713 2038.076397134224 5.3560711942263906 1748.4324205088778 964.67885879753157 22.897316095186397 3632.5054045319557 121.98066360410303 1875.6184865301475 6178.0204807817936
leaf_count=6630 22353 46110 40422 46185 25943 64208 7479 296284 41987 16536 32444 7958 29318 33726
internal_value=-0.000248545 -0.000180053 -0.00011806 -0.0277776 -8.16789e-05 -0.000915379 -0.0204186 -0.00226971 -0.00130516 -0.0147046 0.000234164 -0.00322354 0.000402455 0.000533942
internal_weight=18979.1 18932 18869.5 47.1026 18823.8 5171.93 33.7016 3133.86 1263.45 28.2534 13651.8 1870.41 11686.1 9810.53
internal_count=717583 640753 594643 76830 572290 436380 30645 372172 67930 24015 135910 304242 95488 66170
is_linear=0
shrinkage=0.05


Tree=102
num_leaves=15
num_cat=0
split_feature=0 2 1 2 1 1 0 2 0 0 2 0 1 0
split_gain=13.3589 7.71218 2.80668 2.54255 1.67368 1.64304 3.07599 2.17399 0.81423 0.318384 0.322981 0.487084 0.221757 0.185802
threshold=-5.6880986482067106 76.500000000000014 -7.1840180009024497 72.500000000000014 -7.6296585936489434 -2.7828417718017664 -2.2332494145958259 19.500000000000004 -6.6348888657299527 -3.0831837743561477 16.500000000000004 -0.10609140983811693 -1.0000000180025095e-35 2.5768375980186855
decision_type=2 2 2 2 2 2 2 2 2 2 2 2 2 2
left_child=3 2 -2 4 -1 6 7 -4 -6 -7 11 -11 -13 -14
right_child=1 -3 5 -5 8 9 -8 -9 -10 10 -12 12 13 -15
leaf_value=-0.032983334619274531 -0.0068899019542968901 -0.013673342967359304 -0.0014949941017450904 -0.046107041585540375 -0.023328338793316916 -0.00035958459105477682 -0.00035958459105477682 -0.0034803959895871716 -0.013673342967359304 0.00014480449347040354 -5.8892453109554059e-05 0.00046880221915940578 0.00085608756815865918 0.0021734181359978548
leaf_weight=7.1564909057342438 45.375392829824705 61.625969996937783 221.37637467891909 12.795296557625987 3.3424058958771665 181.57213426474482 2710.5879077652935 1530.9631783737568 22.580876836029347 4371.0824550706893 1586.6634729225188 6443.1028805077076 1443.0492381304502 328.62764292955399
leaf_count=10455 22353 46110 11298 46185 3654 8543 114568 280233 16536 54496 49086 46589 6151 1326
internal_value=-0.00023156 -0.000166231 -0.000106461 -0.0271805 -0.0198596 -7.089e-05 -0.000908799 -0.0026304 -0.0136733 0.00018963 0.0002418 0.000348501 0.000605027 0.00110044
internal_weight=18969.9 18924 18862.4 45.8751 33.0798 18817 4462.93 1752.34 25.9233 14354.1 14172.5 12585.9 8214.78 1771.68
internal_count=717583 640753 594643 76830 30645 572290 406099 291531 20190 166191 157648 108562 54066 7477
is_linear=0
shrinkage=0.05


Tree=103
num_leaves=15
num_cat=0
split_feature=2 1 0 0 2 0 2 2 0 0 2 0 0 1
split_gain=12.5003 5.80705 5.08988 2.47984 1.77728 1.17159 0.620981 0.587968 0.394202 0.365904 0.241513 1.12485 0.438048 0.46629
threshold=76.500000000000014 -7.1840180009024497 -4.7324137606702967 -4.391846229205119 50.500000000000007 -3.7647331265251309 77.500000000000014 199.50000000000003 -5.245454323733437 -5.722027412160867 16.500000000000004 -1.355507225966901 0.10843343824341536 -1.5900814027064756
decision_type=2 2 2 2 2 2 2 2 2 2 2 2 2 2
left_child=1 -1 6 9 5 -5 -2 -4 -8 -3 12 -12 -7 -14
right_child=2 3 7 4 -6 10 8 -9 -10 -11 11 -13 13 -15
leaf_value=-0.010756323592755249 -0.024735171514024837 -0.0054242963993174831 -0.010756323592755249 -0.0011710747274496142 -0.002400764490865486 1.8202107445907355e-05 -0.04660630860257256 -0.024735171514024837 -0.03328926990761201 -0.0034137595829927835 -0.00052067702327667235 1.8202107445907355e-05 0.00025735382087583772 0.00076683457107929376
leaf_weight=56.69855333835585 2.7998962491983574 23.12365728491568 41.605778199271299 193.30321646272205 462.9234479831066 6066.9645342584699 14.64782048184134 1.6250112748239178 8.9539650882943498 254.89703702845145 2299.6600954143796 2005.5602959375829 1380.3591439761221 6150.2614029794931
leaf_count=42119 5082 19739 20539 24866 100583 85283 45174 826 10828 81754 171840 60861 13838 34251
internal_value=-0.000222357 -0.000144424 -0.0213682 -9.22692e-05 -2.20532e-05 5.8615e-05 -0.0386663 -0.010804 -0.0415541 -0.00477948 0.000129721 -0.000196651 0.000233055 0.000496506
internal_weight=18963.4 18893.8 69.6325 18837.1 18559 18096.1 26.4017 43.2308 23.6018 278.021 17902.8 4305.22 13597.6 7530.62
internal_count=717583 635134 82449 593015 491522 390939 61084 21365 56002 101493 366073 232701 133372 48089
is_linear=0
shrinkage=0.05


Tree=104
num_leaves=15
num_cat=0
split_feature=0 2 1 2 0 2 0 2 1 1 1 0 2 0
split_gain=11.9434 6.70744 2.54163 2.46416 1.68767 1.26202 3.27099 1.33148 1.17081 0.851138 0.612532 0.333853 0.28327 0.187416
threshold=-5.6880986482067106 76.500000000000014 -7.1840180009024497 72.500000000000014 -6.6348888657299527 16.500000000000004 -1.355507225966901 29.500000000000004 -3.7390090967074072 -7.6296585936489434 -2.3438341511669845 -1.5819498194939212 9.5000000000000018 0.29018452332313793
decision_type=2 2 2 2 2 2 2 2 2 2 2 2 2 2
left_child=3 2 -2 4 -1 10 7 8 -7 -6 -4 -9 13 -12
right_child=1 -3 5 -5 9 6 -8 11 -10 -11 12 -13 -14 -15
leaf_value=-0.032424930647885611 -0.0066502422331790453 -0.013194394116341147 -0.00028016321142009209 -0.045776765780546437 -0.022845114941028408 -0.0020138420831619891 -0.00028016321142009209 -0.0031513636293038815 -0.0011421592832521297 -0.013194394116341147 0.00024165103276332922 -0.0020138420831619891 2.690963693116979e-05 0.00062765621967509266
leaf_weight=5.0910155904712147 44.585413727036212 59.671118579659378 1964.8704117964953 11.801045799846177 5.0056028954568346 297.4004476669943 2036.9998212954961 1735.6090292069712 962.28198047494516 22.14596047118539 3634.0136802606285 121.60350749082863 1876.2819507103413 6182.7394267842174
leaf_count=6630 22353 46110 40422 46185 7479 25943 64208 296284 41987 16536 32444 7958 29318 33726
internal_value=-0.000221267 -0.000160713 -0.00010609 -0.0262281 -0.0190731 -7.26138e-05 -0.000739285 -0.00200416 -0.00114216 -0.0132653 0.000178959 -0.00288552 0.000333982 0.000456392
internal_weight=18960.1 18916.1 18856.4 44.0436 32.2426 18811.8 5153.89 3116.89 1259.68 27.1516 13657.9 1857.21 11693 9816.75
internal_count=717583 640753 594643 76830 30645 572290 436380 372172 67930 24015 135910 304242 95488 66170
is_linear=0
shrinkage=0.05


Tree=105
num_leaves=15
num_cat=0
split_feature=0 2 2 1 0 0 2 1 2 1 1 0 1 0
split_gain=11.1232 6.30467 2.43494 2.43315 1.68169 1.07678 1.13466 0.829969 0.297383 0.277993 0.125598 0.322856 0.110055 0.336673
threshold=-5.6880986482067106 76.500000000000014 72.500000000000014 -7.2271996557495397 -6.6348888657299527 -3.204309248694436 47.500000000000007 -7.6296585936489434 72.500000000000014 -4.3720561522295034 -4.8330471961588506 -4.6020927380434147 -1.0000000180025095e-35 2.5768375980186855
decision_type=2 2 2 2 2 2 2 2 2 2 2 2 2 2
left_child=2 3 4 -2 -1 8 9 -6 10 -7 -5 -12 -11 -14
right_child=1 -3 -4 5 7 6 -8 -9 -10 12 11 -13 13 -15
leaf_value=-0.032048753225317916 -0.0064901399869513876 -0.012884788606941948 -0.045577800709693028 -0.0021500817097242072 -0.022466770916129933 -0.00034443351276658326 -0.00081339260425281198 -0.012884788606941948 -0.0032767199160890336 0.0001243253733928001 -0.0015632149857745612 -0.00081339260425281198 0.00032282359092543399 0.0019957219185690331
leaf_weight=4.9288851376040865 41.094229269074276 58.892072575545171 11.273286451920283 362.25573088647798 4.8926949401502524 324.94099580775946 295.04886189289391 21.856926266511437 30.664947214710992 15209.361263964325 74.061461059609428 540.55691813770682 1643.5723810046911 328.51746708154678
leaf_count=6630 21034 46110 46185 113480 7479 35636 47942 16536 14513 276007 14999 62522 7184 1326
internal_value=-0.000205835 -0.000148104 -0.0256215 -9.54914e-05 -0.0185197 -6.32998e-05 2.67028e-05 -0.0128848 -0.00165349 0.000124526 -0.00141161 -0.000976348 0.000169893 0.000521322
internal_weight=18951.9 18909 42.9518 18850.1 31.6785 18809 17801.4 26.7496 1007.54 17506.4 976.874 614.618 17181.5 1972.09
internal_count=717583 640753 76830 594643 30645 573609 368095 24015 205514 320153 191001 77521 284517 8510
is_linear=0
shrinkage=0.05


Tree=106
num_leaves=15
num_cat=0
split_feature=0 2 2 1 1 0 2 0 0 1 1 2 0 2
split_gain=10.3634 4.8222 4.74781 2.18364 1.63583 1.17541 1.16774 1.07258 0.604727 0.299866 0.113026 0.0774056 0.0731155 0.159673
threshold=-5.5200287612774224 72.500000000000014 76.500000000000014 -7.6296585936489434 -5.3780344542118366 -3.0590583565846807 50.500000000000007 -5.0492854023627363 -6.6348888657299527 -7.2271996557495397 -1.0000000180025095e-35 73.500000000000014 -4.6020927380434147 38.500000000000007
decision_type=2 2 2 2 2 2 2 2 2 2 2 2 2 2
left_child=1 3 4 -1 7 12 10 -2 -5 -9 -7 -11 -6 -14
right_child=2 -3 -4 8 5 6 -8 9 -10 11 -12 -13 13 -15
leaf_value=-0.029791973612194291 -0.0054304464324688752 -0.046528168970595002 -0.010766982804617319 -0.020279478208405807 -0.0016708560675914464 0.00011177116879250654 -0.00080461895767546606 -0.0036327481140109742 -0.010766982804617319 -0.0016708560675914464 0.00051377732982759643 -0.0026518020908012103 -0.00080461895767546606 -0.0014072968294840484
leaf_weight=8.3817857181420532 44.987149475957267 14.329982465438659 56.14142188988626 3.0437495773658112 93.439245784888044 15458.263270066585 169.92622693651356 23.025564670679159 31.765185736585412 306.76722094858997 1971.4257218241692 11.253895347123033 408.01989231468178 348.79726795456372
leaf_count=12188 23979 52928 41256 3654 23160 305674 26687 8999 22079 82852 8505 5319 31361 68942
internal_value=-0.000203818 -0.0213947 -0.000139298 -0.0130558 -9.39101e-05 -2.65097e-05 6.16182e-05 -0.0033152 -0.010767 -0.00183505 0.000157241 -0.00167086 -0.00167086 -0.00114374
internal_weight=18949.6 57.5207 18892 43.1907 18835.9 18449.9 17599.6 386.034 34.8089 341.047 17429.7 318.021 850.256 756.817
internal_count=717583 90849 626734 37921 585478 464329 340866 121149 25733 97170 314179 88171 123463 100303
is_linear=0
shrinkage=0.05


Tree=107
num_leaves=15
num_cat=0
split_feature=0 2 0 1 2 1 0 2 1 0 2 0 0 1
split_gain=9.62286 5.56156 2.44512 2.22782 2.051 0.925722 2.26751 1.89783 0.8741 0.230846 0.235128 0.0973723 0.0717352 0.323714
threshold=-5.6880986482067106 76.500000000000014 -6.6348888657299527 -7.2271996557495397 72.500000000000014 -2.7828417718017664 -2.2332494145958259 19.500000000000004 -7.6296585936489434 -3.0831837743561477 26.500000000000004 -3.1552956622595381 -0.054982390175775588 -1.0000000180025095e-35
decision_type=2 2 2 2 2 2 2 2 2 2 2 2 2 2
left_child=2 3 -1 -2 8 6 7 -5 -4 -7 12 -3 -11 -14
right_child=1 11 4 5 -6 9 -8 -9 -10 10 -12 -13 13 -15
leaf_value=-0.050031311552737705 -0.0061910864677787161 -0.01228255944361482 -0.023295852331624949 -0.0012472330557484861 -0.034309145219635073 -0.00028638122273254188 -0.00028638122273254188 -0.0031299504928168787 -0.01228255944361482 0.00011795690172343849 -5.5482714099310603e-05 -0.0061910864677787161 0.00023415080549513197 0.00095690283188937144
leaf_weight=7.5894563559559165 40.574407073872862 34.009757713822182 4.6438876483589437 220.74890765873715 7.3543525748391394 180.95550387119874 2707.1426908150315 1519.468280803645 21.348184393835254 5566.5002020020038 381.88459318503737 23.441657292074524 6469.5306028090417 1762.0024097263813
leaf_count=19837 21034 37529 7479 11304 32978 8543 114568 281546 16536 83616 17924 8581 48684 7424
internal_value=-0.000200836 -0.000148404 -0.0244167 -9.96135e-05 -0.018587 -6.88145e-05 -0.000699156 -0.00220808 -0.0122826 0.000126393 0.000175416 -0.0122826 0.000256593 0.000350345
internal_weight=18947.2 18906.3 40.9359 18848.8 33.3464 18808.2 4447.36 1740.22 25.9921 14360.9 14179.9 57.4514 13798 8231.53
internal_count=717583 640753 76830 594643 56993 573609 407418 292850 24015 166191 157648 46110 139724 56108
is_linear=0
shrinkage=0.05


Tree=108
num_leaves=15
num_cat=0
split_feature=2 0 1 0 2 0 2 2 0 0 2 1 2 1
split_gain=8.91635 4.79921 4.40354 1.65554 1.23715 0.920877 0.637911 0.548702 0.394582 0.327394 0.231693 0.167933 0.106037 0.0962373
threshold=76.500000000000014 -4.7324137606702967 -7.1840180009024497 -4.391846229205119 50.500000000000007 -3.7647331265251309 77.500000000000014 199.50000000000003 -5.245454323733437 -5.722027412160867 72.500000000000014 -5.3264205746625537 82.500000000000014 -7.5755851185681857
decision_type=2 2 2 2 2 2 2 2 2 2 2 2 2 2
left_child=2 6 -1 9 5 -5 -2 13 -8 -4 -11 -7 -10 -3
right_child=1 7 3 4 -6 11 8 -9 12 10 -12 -13 -14 -15
leaf_value=-0.0094765595701095384 -0.023265831565844525 -0.016371195567977028 -0.0047798568577084631 -0.00097311564362852806 -0.0019872287212029504 -0.0004327326630320176 -0.045971612151208242 -0.023265831565844525 -0.03179255737878902 -0.0019872287212029504 -0.0037791917569087704 0.00013040061219678624 -0.038910397821656964 -0.0094765595701095384
leaf_weight=53.796754594513914 2.5222888262651422 2.3252572602359569 21.540931668496341 191.80588042968884 458.15062486985698 93.234460080740973 12.357765916021894 1.516368488781153 3.5740916743525268 232.3228516971576 19.176712249638513 17807.323429804761 4.6725831746589392 37.007776745478623
leaf_count=42119 5082 1855 19739 24866 100583 15992 45174 826 4643 71323 10431 350081 6185 18684
internal_value=-0.00019084 -0.0188254 -0.000127686 -8.31541e-05 -2.62656e-05 4.09974e-05 -0.0370551 -0.00947656 -0.0403193 -0.00394819 -0.00277853 0.00010765 -0.0318492 -0.00947656
internal_weight=18941.3 63.9761 18877.4 18823.6 18550.5 18092.4 23.1267 40.8494 20.6044 273.04 251.5 17900.6 8.24667 39.333
internal_count=717583 82449 635134 593015 491522 390939 61084 21365 56002 101493 81754 366073 10828 20539
is_linear=0
shrinkage=0.05


Tree=109
num_leaves=15
num_cat=0
split_feature=0 2 0 1 2 2 1 2 0 2 0 1 1 0
split_gain=8.55273 4.82459 2.44539 2.02402 1.97535 0.867437 0.846389 0.587893 2.41252 0.481942 0.459689 0.23397 0.217398 0.197893
threshold=-5.6880986482067106 76.500000000000014 -6.6348888657299527 -7.2271996557495397 72.500000000000014 72.500000000000014 -7.6296585936489434 16.500000000000004 -1.355507225966901 20.500000000000004 -0.10609140983811693 -2.7828417718017664 -2.3438341511669845 -3.1552956622595381
decision_type=2 2 2 2 2 2 2 2 2 2 2 2 2 2
left_child=2 3 -1 -2 6 7 -4 10 9 -9 12 -12 -5 -3
right_child=1 13 4 5 -6 -7 -8 8 -10 -11 11 -13 -14 -15
leaf_value=-0.050029730909580662 -0.0059433440291447965 -0.011792410328331032 -0.022807533340768585 -0.00018612699662261587 -0.033822656353206138 -0.0030042392720322896 -0.011792410328331032 -0.00085480234973830775 -0.00018612699662261587 -0.0015234777028539999 8.7618192933496463e-05 0.00047121090951872472 8.7618192933496463e-05 -0.0059433440291447965
leaf_weight=7.0947330091294125 39.946461065206677 32.812920069176471 4.4943450424470965 1543.6822672379203 6.873246306742657 36.355411118012853 20.981526635878254 415.80942623270676 2034.4945938582532 2653.8621019087732 118.05254033207893 8223.1952943131328 3778.6267349673435 23.064587465720251
leaf_count=19837 21034 37529 7479 35022 32978 15894 16536 17486 63864 340453 1797 54066 45027 8581
internal_value=-0.000187473 -0.000138933 -0.0234459 -9.42777e-05 -0.0176156 -6.51345e-05 -0.0117924 -4.27161e-05 -0.000500576 -0.00152348 0.000128322 0.000361363 -0.000186127 -0.0117924
internal_weight=18939.3 18899.9 39.4439 18844 32.3491 18804.1 25.4759 18767.7 5104.17 3069.67 13663.6 8341.25 5322.31 55.8775
internal_count=717583 640753 76830 594643 56993 573609 24015 557715 421803 357939 135912 55863 80049 46110
is_linear=0
shrinkage=0.05


Tree=110
num_leaves=15
num_cat=0
split_feature=0 2 0 2 1 2 1 2 0 2 0 1 0 2
split_gain=7.90657 4.56653 2.42485 1.95096 1.93328 0.835352 0.825706 0.479503 2.26537 0.481046 0.420643 0.463029 0.189503 0.130354
threshold=-5.6880986482067106 76.500000000000014 -6.6348888657299527 72.500000000000014 -7.2271996557495397 72.500000000000014 -7.6296585936489434 16.500000000000004 -1.355507225966901 20.500000000000004 0.10843343824341536 -1.5900814027064756 -3.1552956622595381 6.5000000000000009
decision_type=2 2 2 2 2 2 2 2 2 2 2 2 2 2
left_child=2 4 -1 6 -2 7 -4 10 9 -9 13 -12 -3 -6
right_child=1 12 3 -5 5 -7 -8 8 -10 -11 11 -13 -14 -15
leaf_value=-0.050028283542122055 -0.0057814915156888941 -0.011471848927781896 -0.022499978962605915 -0.033528108997429938 9.7150478015966223e-05 -0.0029220498444288822 -0.011471848927781896 -0.0008257039509355328 -0.00017014705405631506 -0.0014812608478147506 9.7150478015966223e-05 0.00062204190706501776 -0.0057814915156888941 -0.00017014705405631506
leaf_weight=6.7489092830801374 39.710796889616176 32.42906273007975 4.3931205472326864 6.644761977120651 2479.6658278778195 36.246991037274711 20.736561891972091 415.4745016603265 2034.1452437313274 2649.924696204951 1381.8588494062424 6156.4461374878883 22.928759542061016 3647.468973943498
leaf_count=19837 21034 37529 7479 32978 20231 15894 16536 17486 63864 340453 13838 34251 8581 67592
internal_value=-0.000180562 -0.00013443 -0.0228093 -0.0170279 -9.11341e-05 -6.26082e-05 -0.0114718 -4.04719e-05 -0.000454222 -0.00148126 0.000113928 0.000364448 -0.0114718 -0.000170147
internal_weight=18934.8 18896.3 38.5234 31.7744 18840.9 18801.2 25.1297 18765 5099.54 3065.4 13665.4 7538.3 55.3578 6127.13
internal_count=717583 640753 76830 56993 594643 573609 24015 557715 421803 357939 135912 48089 46110 87823
is_linear=0
shrinkage=0.05


Tree=111
num_leaves=15
num_cat=0
split_feature=0 2 0 2 1 1 2 1 0 2 2 0 1 2
split_gain=7.30029 4.32174 2.4024 1.92491 1.84599 0.804947 0.804081 0.397508 0.403322 0.504374 0.240758 0.179203 0.0573809 0.00667628
threshold=-5.6880986482067106 76.500000000000014 -6.6348888657299527 72.500000000000014 -7.2271996557495397 -7.6296585936489434 72.500000000000014 -5.3780344542118366 -3.0590583565846807 50.500000000000007 14.500000000000002 -3.1552956622595381 -1.0000000180025095e-35 14.500000000000002
decision_type=2 2 2 2 2 2 2 2 2 2 2 2 2 2
left_child=2 4 -1 5 -2 -4 7 10 -9 12 -6 -3 13 -10
right_child=1 11 3 -5 6 -7 -8 8 9 -11 -12 -13 -14 -15
leaf_value=-0.050026903425856889 -0.0056188294389098795 -0.011150121400980385 -0.022192514853250633 -0.033234908305520887 -0.00072244579874125602 -0.011150121400980385 -0.0028392181146724808 -0.00072244579874125602 0.00012376668244637963 -0.00033692557479984018 -0.0014384802654134469 -0.0056188294389098795 0.0003886234900074702 5.208459567854307e-05
leaf_weight=6.4199335459124987 39.482877886301139 32.059940731414827 4.2954926447127972 6.4257611862703916 8.0261605638079327 20.500990087108224 36.14184546872275 840.34932650090195 10814.330255676061 164.67894605454057 319.37016239878722 22.79739351477474 1972.195056527853 4642.8356153923087
leaf_count=19837 21034 37529 7479 32978 579 16536 15894 121627 105936 25930 95400 8581 8505 199738
internal_value=-0.000173355 -0.000129526 -0.0221707 -0.0164429 -8.75375e-05 -0.0111501 -5.96068e-05 -3.77424e-05 -6.41133e-06 4.85946e-05 -0.00143848 -0.0111501 0.000134642 0.000102236
internal_weight=18929.9 18892.3 37.6422 31.2222 18837.4 24.7965 18797.9 18761.8 18434.4 17594 327.396 54.8573 17429.4 15457.2
internal_count=717583 640753 76830 56993 594643 24015 573609 557715 461736 340109 95979 46110 314179 305674
is_linear=0
shrinkage=0.05


Tree=112
num_leaves=15
num_cat=0
split_feature=2 0 1 0 2 0 2 2 0 0 2 1 2 1
split_gain=6.85182 4.47226 3.51563 1.26689 0.979122 0.790047 0.643958 0.51058 0.40186 0.261874 0.210397 0.141539 0.105539 0.0691745
threshold=76.500000000000014 -4.7324137606702967 -7.1840180009024497 -4.391846229205119 50.500000000000007 -3.7647331265251309 77.500000000000014 199.50000000000003 -5.245454323733437 -5.722027412160867 72.500000000000014 -5.3264205746625537 82.500000000000014 -6.2224862835693058
decision_type=2 2 2 2 2 2 2 2 2 2 2 2 2 2
left_child=2 6 -1 9 5 -5 -2 -3 -8 -4 -11 -7 -10 -6
right_child=1 7 3 4 13 11 8 -9 12 10 -12 -13 -14 -15
leaf_value=-0.008550816672810246 -0.022134668241247331 -0.008550816672810246 -0.0043150023605776832 -0.00086168975749847303 -0.001753630426257694 -0.00038357000023944449 -0.04544465615309979 -0.022134668241247331 -0.030710429269071939 -0.001753630426257694 -0.0033960334600464542 0.00011609204659428767 -0.03807754271108587 -0.00086168975749847303
leaf_weight=51.77758834627457 2.343547543554453 38.000299944833387 20.378825338528259 191.02012617117725 33.943769636680372 92.834165559383109 10.937118945788828 1.4494117223657657 3.3454584860010046 230.98375982983271 18.934735818547779 17806.520202480722 4.3426918848999776 421.5990644490812
leaf_count=42119 5082 20539 19739 24866 11073 15992 45174 826 4643 71323 10431 350081 6185 89510
internal_value=-0.000172227 -0.0169832 -0.000118396 -7.9188e-05 -2.96579e-05 3.02509e-05 -0.0357185 -0.00855082 -0.0392862 -0.0034776 -0.00247706 9.45498e-05 -0.0307104 -0.00175363
internal_weight=18928.4 60.4185 18868 18816.2 18545.9 18090.4 20.9688 39.4497 18.6253 270.297 249.918 17899.4 7.68815 455.543
internal_count=717583 82449 635134 593015 491522 390939 61084 21365 56002 101493 81754 366073 10828 100583
is_linear=0
shrinkage=0.05


Tree=113
num_leaves=15
num_cat=0
split_feature=0 2 0 2 1 2 1 2 0 2 0 1 0 1
split_gain=6.44404 3.73569 2.39218 1.843 1.36517 0.940054 0.777581 0.348951 2.04615 0.441661 0.367031 0.213732 0.171256 0.153074
threshold=-5.6880986482067106 77.500000000000014 -6.6348888657299527 72.500000000000014 -7.2271996557495397 72.500000000000014 -7.6296585936489434 16.500000000000004 -1.355507225966901 20.500000000000004 -0.10609140983811693 -1.0000000180025095e-35 -4.0740468412370694 -2.3438341511669845
decision_type=2 2 2 2 2 2 2 2 2 2 2 2 2 2
left_child=2 4 -1 6 -2 7 -4 10 9 -9 13 -12 -3 -6
right_child=1 12 3 -5 5 -7 -8 8 -10 -11 11 -13 -14 -15
leaf_value=-0.050025565557214359 -0.0053778273869204678 -0.010662941987635278 -0.021711020356338574 -0.032759098725041867 -0.0001545456755089907 -0.0027239312241842048 -0.010662941987635278 -0.00076919337759790037 -0.0001545456755089907 -0.0013838410796868101 0.00016812884398243052 0.0007867246117428759 -0.0053778273869204678 7.2500670663360161e-05
leaf_weight=6.0070656871539532 39.515966150909662 20.681856738723582 4.1655905249062952 6.017467023280914 1543.4507125406526 39.807777758018347 20.181650270649701 415.14555114740506 2034.1011200691573 2644.541213219869 6572.7538453266025 1773.0275570899248 28.359788176836446 3779.3175778463483
leaf_count=19837 21813 29290 7479 32978 35022 19116 16536 17486 63864 340453 48386 7477 12819 45027
internal_value=-0.000170367 -0.000129884 -0.021196 -0.0154926 -9.27128e-05 -7.00351e-05 -0.0106629 -4.37509e-05 -0.000396974 -0.00138384 8.7883e-05 0.000299547 -0.0106629 -0.000154546
internal_weight=18927.1 18890.7 36.3718 30.3647 18841.7 18802.1 24.3472 18762.3 5093.79 3059.69 13668.5 8345.78 49.0416 5322.77
internal_count=717583 640753 76830 56993 598644 576831 24015 557715 421803 357939 135912 55863 42109 80049
is_linear=0
shrinkage=0.05


Tree=114
num_leaves=15
num_cat=0
split_feature=1 2 0 0 1 0 0 0 2 2 2 2 1 1
split_gain=5.94527 5.31607 1.34484 1.12043 0.558517 0.552976 0.483665 0.450409 0.683314 0.289944 0.215627 0.204235 0.329447 0.171923
threshold=-7.930726652840403 74.500000000000014 -5.245454323733437 -5.3665894799949339 -6.0290545245086022 -3.1552956622595381 -6.3261385821147327 -3.204309248694436 47.500000000000007 155.50000000000003 122.50000000000001 65.500000000000014 -8.457611415305438 -4.3720561522295034
decision_type=2 2 2 2 2 2 2 2 2 2 2 2 2 2
left_child=2 3 6 4 -2 -3 -1 -5 13 -7 -4 -8 -13 -9
right_child=1 5 10 7 -6 9 11 8 -10 -11 -12 12 -14 -15
leaf_value=-0.050015818313794071 -0.0065150452229442409 -0.012948739687946569 -0.012948739687946569 -0.0011018371765289785 -0.0032880910290404609 -0.0065150452229442409 -0.024261756877411163 -0.00023482452884094631 -0.00055268519102055975 -0.0097318924554454043 -0.024261756877411163 -0.039769108725803817 -0.029664926707115361 0.00012287347047482881
leaf_weight=4.0857521731231818 20.186611606302904 41.526575894458801 7.9695275817066413 985.14163512096275 30.357364416035125 21.36533891805448 3.0660383535432647 323.3473378829658 290.33300910354592 2.926224104827269 0.84046899835811917 3.2918866409745524 3.3907321203441834 17184.455684937537
leaf_count=17507 22018 58995 5103 197498 17470 7772 3650 35689 47372 1401 980 9416 8195 284517
internal_value=-0.000161855 -0.000131177 -0.0257663 -8.13508e-05 -0.00651505 -0.0129487 -0.0355748 -6.11368e-05 -3.53321e-06 -0.00651505 -0.0129487 -0.0295224 -0.0350681 8.30361e-05
internal_weight=18922.3 18899.6 22.6444 18833.8 50.544 65.8181 13.8344 18783.3 17798.1 24.2916 8.81 9.74866 6.68262 17507.8
internal_count=717583 672732 44851 604564 39488 68168 38768 565076 367578 9173 6083 21261 17611 320206
is_linear=0
shrinkage=0.05


Tree=115
num_leaves=15
num_cat=0
split_feature=0 2 0 2 1 2 1 1 0 2 2 0 1 2
split_gain=5.62536 3.32961 2.36517 1.78761 1.22551 0.867054 0.725553 0.299158 0.300369 0.452673 0.226617 0.196572 0.0372087 0.00131659
threshold=-5.6880986482067106 77.500000000000014 -6.6348888657299527 72.500000000000014 -7.2271996557495397 72.500000000000014 -7.6296585936489434 -5.3780344542118366 -3.0590583565846807 50.500000000000007 14.500000000000002 -4.0740468412370694 -1.0000000180025095e-35 14.500000000000002
decision_type=2 2 2 2 2 2 2 2 2 2 2 2 2 2
left_child=2 4 -1 6 -2 7 -4 10 -9 12 -6 -3 13 -10
right_child=1 11 3 -5 5 -7 -8 8 9 -11 -12 -13 -14 -15
leaf_value=-0.050024153814970398 -0.0051135742247880259 -0.010139268023465549 -0.021204909305019049 -0.032270550586572549 -0.00066486486406784531 -0.0025900344482796779 -0.010139268023465549 -0.00066486486406784531 0.00010040269602324255 -0.00031621517964041133 -0.0013155534953858692 -0.0051135742247880259 0.00032143894343826686 6.8568115911871055e-05
leaf_weight=5.5753963899187502 39.025725282990607 20.16283856384689 3.9649137239321162 5.684957554229185 8.0085665825754386 39.480859635979868 19.881985183223154 837.58861559687648 10817.57454332523 164.2052183994092 317.784640701022 27.973975643632002 1972.6246458292007 4641.3333079931326
leaf_count=19837 21813 29290 7479 32978 579 19116 16536 121627 105936 25930 95400 12819 8505 199738
internal_value=-0.000159847 -0.000122676 -0.0201559 -0.0145169 -8.78804e-05 -6.64947e-05 -0.0101393 -4.10725e-05 -1.41762e-05 3.24345e-05 -0.00131555 -0.0101393 0.00011694 9.08448e-05
internal_weight=18920.9 18885.8 35.1073 29.5319 18837.6 18798.6 23.8469 18759.1 18433.3 17595.7 325.793 48.1368 17431.5 15458.9
internal_count=717583 640753 76830 56993 598644 576831 24015 557715 461736 340109 95979 42109 314179 305674
is_linear=0
shrinkage=0.05


Tree=116
num_leaves=15
num_cat=0
split_feature=2 0 1 2 2 0 2 0 2 0 0 1 2 2
split_gain=5.22144 4.12543 2.77618 1.02918 0.639556 0.598782 0.46776 0.409009 0.288093 1.72078 0.281742 0.391352 0.1039 0.0959606
threshold=76.500000000000014 -4.7324137606702967 -7.1840180009024497 72.500000000000014 77.500000000000014 -4.8924231594306047 199.50000000000003 -5.245454323733437 16.500000000000004 -1.355507225966901 0.10843343824341536 -1.5900814027064756 82.500000000000014 6.5000000000000009
decision_type=2 2 2 2 2 2 2 2 2 2 2 2 2 2
left_child=2 4 -1 5 -2 -4 -3 -6 10 -10 13 -12 -9 -7
right_child=1 6 3 -5 7 8 -8 12 9 -11 11 -13 -14 -15
leaf_value=-0.0076668701569909889 -0.020997700718828449 -0.0076668701569909889 -0.0019649085806439743 -0.0038727766006871204 -0.044874766714420061 8.0287152580900143e-05 -0.020997700718828449 -0.029593718399197708 -0.00099762836940728381 -0.0001333131337186605 8.0287152580900143e-05 0.00054364295174249601 -0.037234242556808884 -0.0001333131337186605
leaf_weight=49.949906440073391 2.2119056466181091 36.866220670868643 114.57540882428293 36.081715084394091 9.727306298402258 2479.4881175234914 1.3862094951327879 3.1368943200795885 2965.1351299958769 2034.1254119970836 1382.5902697108686 6159.8067805841565 4.0376598733710125 3640.4925329312682
leaf_count=42119 5082 20539 51035 19103 45174 20206 826 4643 323671 63864 13838 34251 6185 67047
internal_value=-0.000158861 -0.0152207 -0.000113053 -7.8683e-05 -0.0343285 -5.70406e-05 -0.00766687 -0.0381897 -3.03482e-05 -0.000355115 8.84887e-05 0.000293887 -0.0295937 -0.000133313
internal_weight=18919.6 57.3662 18862.2 18812.3 19.1138 18776.2 38.2524 16.9019 18661.6 4999.26 13662.4 7542.4 7.17455 6119.98
internal_count=717583 82449 635134 593015 61084 573912 21365 56002 522877 387535 135342 48089 10828 87253
is_linear=0
shrinkage=0.05


Tree=117
num_leaves=15
num_cat=0
split_feature=1 2 0 0 0 1 0 2 0 2 1 1 0 2
split_gain=4.96959 4.38695 1.2834 0.92137 0.571166 0.5574 0.497289 0.323942 1.98225 0.831921 0.93078 0.311667 0.250054 0.248342
threshold=-7.930726652840403 74.500000000000014 -5.245454323733437 -5.3665894799949339 -3.1552956622595381 -6.0290545245086022 -6.3261385821147327 16.500000000000004 -1.355507225966901 29.500000000000004 -3.7390090967074072 -2.3438341511669845 -1.5819498194939212 155.50000000000003
decision_type=2 2 2 2 2 2 2 2 2 2 2 2 2 2
left_child=2 3 6 5 -3 -2 -1 11 9 10 -9 -5 -11 -6
right_child=1 4 -4 7 13 -7 -8 8 -10 12 -12 -13 -14 -15
leaf_value=-0.050014433810574327 -0.0061410896111369802 -0.012199825802062381 -0.012199825802062381 -0.00017055628692366873 -0.0061410896111369802 -0.003102661251143285 -0.02818959220931181 -0.0015042566341436307 -0.00017055628692366873 -0.0024338884796737048 -0.00082282094644963919 0.00019014536857103341 -0.0015042566341436307 -0.0091704577065996797
leaf_weight=3.6509517531085285 19.781726159591926 39.978641973561025 8.5279402076848765 1962.9723063912243 20.973462484311316 29.977502493391512 9.1545779432053696 295.46312583005056 2035.3284173365682 1703.506843907875 955.80931616248563 11707.239600496367 120.66287823999301 2.8481613962212569
leaf_count=17507 22018 58995 6083 40285 7772 17470 21261 26092 64040 289357 41896 95468 7938 1401
internal_value=-0.000154076 -0.000126844 -0.0242728 -8.23534e-05 -0.0121998 -0.00614109 -0.034412 -6.42329e-05 -0.000403849 -0.00147509 -0.000822821 6.27367e-05 -0.00218569 -0.00614109
internal_weight=18915.9 18894.5 21.3335 18830.7 63.8003 49.7592 12.8055 18781 5110.77 3075.44 1251.27 13670.2 1824.17 23.8216
internal_count=717583 672732 44851 604564 68168 39488 38768 565076 429323 365283 67988 135753 297295 9173
is_linear=0
shrinkage=0.05


Tree=118
num_leaves=15
num_cat=0
split_feature=0 2 0 2 1 2 1 0 1 0 2 2 1 0
split_gain=4.71175 2.70524 2.34025 1.67702 1.03032 0.769281 0.671189 0.286048 0.220705 0.221014 0.41511 0.217379 0.0225483 0.0102968
threshold=-5.6880986482067106 77.500000000000014 -6.6348888657299527 72.500000000000014 -7.2271996557495397 72.500000000000014 -7.6296585936489434 -4.0740468412370694 -5.3780344542118366 -3.0590583565846807 50.500000000000007 14.500000000000002 -1.0000000180025095e-35 -4.6020927380434147
decision_type=2 2 2 2 2 2 2 2 2 2 2 2 2 2
left_child=2 4 -1 6 -2 8 -4 -3 11 13 12 -6 -11 -10
right_child=1 7 3 -5 5 -7 -8 -9 9 10 -12 -13 -14 -15
leaf_value=-0.050022887259148677 -0.0047743871487081584 -0.0094729403291511742 -0.020557179677249873 -0.031641419025348567 -0.00061677740713463926 -0.0024154465508511667 -0.0094729403291511742 -0.0047743871487081584 -0.00061677740713463926 9.2085672019604823e-05 -0.0002936865322089074 -0.0012239432108204283 0.0002715820964530287 -0.00032241864942736729
leaf_weight=5.1034768489334956 38.241685375833185 19.188779820862692 3.7492702435702112 5.2217025707213898 8.0000650440342707 38.96275908689131 19.552678006468344 27.388618869939819 92.387702590087429 15456.543961577117 163.69368704478256 316.24548293428961 1972.9395535886288 742.49593554111198
leaf_count=19837 21813 29290 7479 32978 579 19116 16536 12819 22930 305674 25930 95400 8505 98697
internal_value=-0.000139854 -0.000106542 -0.0188393 -0.01326 -7.5834e-05 -5.6506e-05 -0.00947294 -0.00947294 -3.24399e-05 -9.6116e-06 2.94043e-05 -0.00122394 0.000112404 -0.000616777
internal_weight=18909.7 18876.1 33.6271 28.5237 18829.5 18791.3 23.3019 46.5774 18752.3 18428.1 17593.2 324.246 17429.5 834.884
internal_count=717583 640753 76830 56993 598644 576831 24015 42109 557715 461736 340109 95979 314179 121627
is_linear=0
shrinkage=0.05


Tree=119
num_leaves=15
num_cat=0
split_feature=1 2 0 0 1 0 0 0 2 0 2 2 1 2
split_gain=4.36801 3.92301 1.22255 0.783273 0.556462 0.555281 0.5009 0.24832 0.513196 0.423702 0.224212 0.193975 0.350317 0.18574
threshold=-7.930726652840403 74.500000000000014 -5.245454323733437 -5.3665894799949339 -6.0290545245086022 -3.1552956622595381 -6.3261385821147327 -4.391846229205119 50.500000000000007 -3.7647331265251309 155.50000000000003 65.500000000000014 -8.457611415305438 122.50000000000001
decision_type=2 2 2 2 2 2 2 2 2 2 2 2 2 2
left_child=2 3 6 4 -2 -3 -1 -5 9 -9 -7 -8 -13 -4
right_child=1 5 13 7 -6 10 11 8 -10 -11 -12 12 -14 -15
leaf_value=-0.050013265099547746 -0.0058682503485634179 -0.011663491249760892 -0.011663491249760892 -0.0016699095622537794 -0.0029623493006382742 -0.0058682503485634179 -0.02259300661507356 -0.00041846648420209101 -0.0008529330515771893 8.1498310087357536e-05 -0.0087658707991621551 -0.038634216921263891 -0.027918321325157886 -0.02259300661507356
leaf_weight=3.3366852409380945 19.483761054594652 39.176753767329501 7.5974637737381254 235.47957839386072 29.680092931666877 20.753374321386222 2.8222801299998554 191.52115259156562 451.75372254406102 17897.742703156779 2.808883184217847 2.9099357186496482 3.0473146953445402 0.77735771524021391
leaf_count=17507 22018 58995 5103 73454 17470 7772 3650 25320 100048 366254 1401 9416 8195 980
internal_value=-0.000139763 -0.000114733 -0.0232122 -7.30094e-05 -0.00586825 -0.0116635 -0.0335225 -5.64483e-05 -3.59565e-05 1.60001e-05 -0.00586825 -0.0272552 -0.0332436 -0.0116635
internal_weight=18908.9 18888.4 20.491 18825.7 49.1639 62.739 12.1162 18776.5 18541 18089.3 23.5623 8.77953 5.95725 8.37482
internal_count=717583 672732 44851 604564 39488 68168 38768 565076 491622 391574 9173 21261 17611 6083
is_linear=0
shrinkage=0.05


Tree=120
num_leaves=15
num_cat=0
split_feature=0 2 0 2 1 2 1 0 1 2 0 2 1 0
split_gain=4.07813 2.39326 2.30351 1.61717 0.917024 0.705814 0.622736 0.291291 0.185932 0.206277 0.195887 0.391796 0.0203498 0.0133585
threshold=-5.6880986482067106 77.500000000000014 -6.6348888657299527 72.500000000000014 -7.2271996557495397 72.500000000000014 -7.6296585936489434 -4.0740468412370694 -5.3780344542118366 14.500000000000002 -3.0590583565846807 50.500000000000007 -1.0000000180025095e-35 -4.6020927380434147
decision_type=2 2 2 2 2 2 2 2 2 2 2 2 2 2
left_child=2 4 -1 6 -2 8 -4 -3 9 -6 13 12 -12 -10
right_child=1 7 3 -5 5 -7 -8 -9 10 -11 11 -13 -14 -15
leaf_value=-0.05002167742440472 -0.0045205436312717668 -0.0089624045476169086 -0.020068052485628977 -0.031173700423641044 -0.00059012028089953776 -0.0022905310876592043 -0.0089624045476169086 -0.0045205436312717668 -0.00059012028089953776 -0.0011638873083175281 8.3395037473689106e-05 -0.00028489534652909732 0.0002539105546143367 -0.00029018927653804804
leaf_weight=4.7437521401006952 37.807405801402638 18.755403592571383 3.5780538477411055 4.9463300165880346 7.9933385220356277 38.670378907292616 19.293567595712378 27.054932264960371 92.165219657472335 315.57388582173735 15458.544198603835 163.50869581708685 1973.0630919188261 742.02579006250016
leaf_count=19837 21813 29290 7479 32978 579 19116 16536 12819 22930 95400 305674 25930 8505 98697
internal_value=-0.000137849 -0.00010735 -0.0178175 -0.0123257 -7.86827e-05 -6.05185e-05 -0.0089624 -0.0089624 -3.72435e-05 -0.00116389 -1.63533e-05 2.03296e-05 0.000102695 -0.00059012
internal_weight=18907.7 18875.2 32.5617 27.818 18829.4 18791.5 22.8716 45.8103 18752.9 323.567 18429.3 17595.1 17431.6 834.191
internal_count=717583 640753 76830 56993 598644 576831 24015 42109 557715 95979 461736 340109 314179 121627
is_linear=0
shrinkage=0.05


Tree=121
num_leaves=15
num_cat=0
split_feature=1 2 0 0 1 0 0 2 2 0 2 1 0 1
split_gain=3.80615 3.49732 1.15987 0.657936 0.548517 0.538022 0.505358 0.218523 0.208446 1.73215 0.723037 0.872812 0.270396 0.360432
threshold=-7.930726652840403 74.500000000000014 -5.245454323733437 -5.3665894799949339 -6.0290545245086022 -3.9468510937126902 -6.3261385821147327 124.50000000000001 16.500000000000004 -1.355507225966901 29.500000000000004 -3.7390090967074072 0.10843343824341536 -1.5900814027064756
decision_type=2 2 2 2 2 2 2 2 2 2 2 2 2 2
left_child=2 3 6 4 -2 -3 -1 -7 12 10 11 -10 -5 -14
right_child=1 5 -4 8 -6 7 -8 -9 9 -11 -12 -13 13 -15
leaf_value=-0.050012203377884625 -0.0055946051738937855 -0.011113530854088918 -0.011113530854088918 -0.00014607079068555218 -0.0028276130945303905 -0.0055946051738937855 -0.026255931222035251 -0.0083540680139913507 -0.0013875000816788376 -0.00014607079068555218 -0.0020227765135962805 -0.00075222364976139443 4.957789138395412e-05 0.00048900162303433514
leaf_weight=3.0505498504426205 19.203357664271607 31.26336686439754 8.2232287536025961 6127.8836798053235 29.399933115710155 23.30126793822274 8.410984442263727 7.1798707387642926 294.95940290379804 2035.4326018798165 1818.0661496698158 955.17221700539812 1383.037567730993 6162.3410235419869
leaf_count=17507 22018 54132 6083 87664 17470 10401 21261 3635 26092 64040 297295 41896 13838 34251
internal_value=-0.000137663 -0.00011476 -0.0221123 -7.56795e-05 -0.00559461 -0.0111135 -0.0325788 -0.00559461 -6.0621e-05 -0.0003333 -0.00135838 -0.000752224 4.11579e-05 0.000245227
internal_weight=18906.9 18887.2 19.6848 18825.5 48.6033 61.7445 11.4615 30.4811 18776.9 5103.63 3068.2 1250.13 13673.3 7545.38
internal_count=717583 672732 44851 604564 39488 68168 38768 14036 565076 429323 365283 67988 135753 48089
is_linear=0
shrinkage=0.05


Tree=122
num_leaves=15
num_cat=0
split_feature=0 0 2 2 1 2 1 0 1 2 0 2 0 1
split_gain=3.52525 2.2616 2.12681 1.56038 0.815035 0.647574 0.576365 0.285944 0.142504 0.198825 0.176758 0.138177 0.102053 0.00967691
threshold=-5.6880986482067106 -6.6348888657299527 77.500000000000014 72.500000000000014 -7.2271996557495397 72.500000000000014 -7.6296585936489434 -4.0740468412370694 -5.3780344542118366 14.500000000000002 -4.6020927380434147 49.500000000000007 -3.7647331265251309 -1.0000000180025095e-35
decision_type=2 2 2 2 2 2 2 2 2 2 2 2 2 2
left_child=1 -1 4 6 -2 8 -3 -4 9 -6 -10 12 -12 -14
right_child=2 3 7 -5 5 -7 -8 -9 10 -11 11 -13 13 -15
leaf_value=-0.050020554007575206 -0.0042651888335382745 -0.019590770442675473 -0.0084583106364417293 -0.030723230248909217 -0.00054425947325792586 -0.0021600926963158532 -0.0084583106364417293 -0.0042651888335382745 -0.00054425947325792586 -0.0010962726567292007 -0.00011137971740216573 -0.00026746577991410632 7.2940401347424292e-05 0.00019032502511126599
leaf_weight=4.4121853733086054 37.39077066606842 3.4189393554988809 18.366078428982291 4.7005226132241651 7.9873448535799971 38.391029530932428 19.051022996951364 26.75781536474824 91.951258599525318 314.57733188685961 175.48386977240443 375.41210405249149 15808.366005757358 1975.0716072767973
leaf_count=19837 21813 7479 29290 32978 579 19116 16536 12819 22930 95400 19591 72138 338559 8518
internal_value=-0.000126873 -0.0168177 -9.8937e-05 -0.0114259 -7.2067e-05 -5.49966e-05 -0.00845831 -0.00845831 -3.24526e-05 -0.0010743 -1.42143e-05 9.32791e-06 4.47063e-05 8.59774e-05
internal_weight=18901.3 31.5827 18869.8 27.1705 18824.6 18787.2 22.47 45.1239 18748.8 322.565 18426.3 18334.3 17958.9 17783.4
internal_count=717583 76830 640753 56993 598644 576831 24015 42109 557715 95979 461736 438806 366668 347077
is_linear=0
shrinkage=0.05


Tree=123
num_leaves=15
num_cat=0
split_feature=1 2 0 0 1 0 0 2 2 1 0 2 0 2
split_gain=3.32767 3.13119 1.09799 0.549438 0.536965 0.516568 0.50627 0.196889 0.187956 0.367306 0.171747 0.396387 0.352947 0.167195
threshold=-7.930726652840403 74.500000000000014 -5.245454323733437 -5.3665894799949339 -6.0290545245086022 -3.9468510937126902 -6.3261385821147327 124.50000000000001 65.500000000000014 -8.457611415305438 -4.391846229205119 50.500000000000007 -3.7647331265251309 122.50000000000001
decision_type=2 2 2 2 2 2 2 2 2 2 2 2 2 2
left_child=2 3 6 4 -2 -3 -1 -7 -8 -10 -5 12 -12 -4
right_child=1 5 13 10 -6 7 8 -9 9 -11 11 -13 -14 -15
leaf_value=-0.050011237428418676 -0.0053253502860532449 -0.010581795298996777 -0.010581795298996777 -0.0014008033487430465 -0.002690291302023925 -0.0053253502860532449 -0.021113353177046833 -0.0079535727925250099 -0.037661052973976587 -0.026409758546783915 -0.00035534867910717275 -0.00071951892950014324 7.2829492136782095e-05 -0.021113353177046833
leaf_weight=2.7899496132085906 18.939811967880814 30.667482367214689 7.3502185822580923 234.18710631120484 29.136447863085777 23.083659305702898 2.6318412932159863 7.0902210825588545 2.6464066229673326 2.8115501667343787 191.02458579698578 450.01612805016339 17897.549138211412 0.73932442220393557
leaf_count=17507 22018 54132 5103 73454 17470 10401 3650 3635 9416 8195 25320 100048 366254 980
internal_value=-0.000126653 -0.000105625 -0.021058 -6.89053e-05 -0.00532535 -0.0105818 -0.0316449 -0.00532535 -0.0253109 -0.0317062 -5.52323e-05 -3.82345e-05 8.82157e-06 -0.0105818
internal_weight=18900.7 18881.7 18.9693 18820.9 48.0763 60.8414 10.8797 30.1739 8.0898 5.45796 18772.8 18538.6 18088.6 8.08954
internal_count=717583 672732 44851 604564 39488 68168 38768 14036 21261 17611 565076 491622 391574 6083
is_linear=0
shrinkage=0.05


Tree=124
num_leaves=15
num_cat=0
split_feature=2 0 1 2 0 2 1 0 2 2 2 0 1 0
split_gain=3.06418 4.35466 1.4228 0.664143 0.413322 0.367658 0.325932 0.36371 0.308144 0.242224 0.101068 0.14896 0.0387451 0.0234348
threshold=77.500000000000014 -4.7324137606702967 -7.4193397785226596 72.500000000000014 -5.245454323733437 199.50000000000003 -5.4581671483695287 -4.6020927380434147 14.500000000000002 82.500000000000014 49.500000000000007 -3.7647331265251309 -8.3704400650369752 -6.3261385821147327
decision_type=2 2 2 2 2 2 2 2 2 2 2 2 2 2
left_child=2 4 -1 6 12 -3 8 -8 -4 -6 11 -9 -2 -14
right_child=1 5 3 -5 9 -7 7 10 -10 -11 -12 -13 13 -15
leaf_value=-0.0064061069765311398 -0.050008837721991564 -0.0064061069765311398 -0.0008377511467369599 -0.0032393518156269862 -0.021292156988663977 -0.021292156988663977 -0.0008377511467369599 -0.00019601206763551348 -0.0016473119679932032 -0.035259838566593669 -0.00041682858515982988 6.8887891312093257e-05 -0.045918296698309685 -0.04034038139755064
leaf_weight=32.693234260732424 1.8966531871847081 32.437670102226548 6.539943605894222 40.459416006378888 2.8329530600458375 1.2886260686791491 106.17286029650131 177.55655737360939 305.57060149175231 3.611277746676933 386.15119802230038 17796.399882567115 0.9398456945564212 5.1675804773403842
leaf_count=35790 15025 18976 511 25226 4643 826 31729 20088 104397 6185 75239 348799 8499 21650
internal_value=-0.000125201 -0.0127192 -9.30173e-05 -7.25967e-05 -0.0361782 -0.00640611 -5.52721e-05 -2.81903e-05 -0.00164731 -0.0267533 4.09398e-06 2.48044e-05 -0.0437664 -0.0418278
internal_weight=18899.7 48.1746 18851.5 18818.9 14.4483 33.7263 18778.4 18466.3 312.111 6.44423 18360.1 17974 8.00408 6.10743
internal_count=717583 75804 641779 605989 56002 19802 580763 475855 104908 10828 444126 368887 45174 30149
is_linear=0
shrinkage=0.05


Tree=125
num_leaves=15
num_cat=0
split_feature=0 0 2 2 1 2 1 0 1 2 0 2 0 1
split_gain=2.90681 2.21985 1.6975 1.44485 0.686538 0.575013 0.530662 0.326261 0.0994374 0.198633 0.144659 0.113087 0.0879589 0.0266348
threshold=-5.6880986482067106 -6.6348888657299527 77.500000000000014 72.500000000000014 -7.2271996557495397 72.500000000000014 -7.6296585936489434 -4.0740468412370694 -5.3780344542118366 14.500000000000002 -4.6020927380434147 49.500000000000007 -3.7647331265251309 -6.76084169431223
decision_type=2 2 2 2 2 2 2 2 2 2 2 2 2 2
left_child=1 -1 4 6 -2 8 -3 -4 9 -6 -10 12 -12 -9
right_child=2 3 7 -5 5 -7 -8 13 10 -11 11 -13 -14 -15
leaf_value=-0.050019584572216697 -0.0039529840527685557 -0.018988195116839357 -0.0078309768146772145 -0.0301454134190015 -0.00046618069265393856 -0.0020062137682732273 -0.0078309768146772145 -0.0058919804337228855 -0.00046618069265393856 -0.0010220554541454921 -9.9616438255727922e-05 -0.00023305419714840072 7.4580604519658081e-05 -0.0039529840527685557
leaf_weight=4.0520833269110907 36.822100592253264 3.2495298091962495 17.58274048603198 4.3346346074540625 7.9763539615087202 38.021945773391053 18.798088753246706 3.0955790657317293 91.685065325233154 313.51467032497749 175.34692239388824 374.90398286888376 17786.099343912676 23.197076158947311
leaf_count=19837 21813 7479 29290 32978 579 19116 16536 2219 22930 95400 19591 72138 347077 10600
internal_value=-0.000123449 -0.0155634 -9.85442e-05 -0.0102712 -7.49913e-05 -5.94435e-05 -0.00783098 -0.00783098 -3.78971e-05 -0.000909673 -2.26883e-05 7.22984e-08 3.38213e-05 -0.00395298
internal_weight=18898.7 30.4343 18868.2 26.3823 18824.4 18787.5 22.0476 43.8754 18749.5 321.491 18428 18336.4 17961.4 26.2927
internal_count=717583 76830 640753 56993 598644 576831 24015 42109 557715 95979 461736 438806 366668 12819
is_linear=0
shrinkage=0.05


Tree=126
num_leaves=15
num_cat=0
split_feature=1 2 0 0 0 0 1 2 1 2 0 2 0 2
split_gain=2.71716 2.5644 1.07731 0.49868 0.461476 0.437761 0.51357 0.227954 0.280037 0.158797 0.127206 0.329554 0.307416 0.111812
threshold=-7.930726652840403 74.500000000000014 -6.3261385821147327 -3.9468510937126902 -5.245454323733437 -5.3665894799949339 -6.0290545245086022 65.500000000000014 -8.457611415305438 124.50000000000001 -4.391846229205119 50.500000000000007 -3.7647331265251309 6.5000000000000009
decision_type=2 2 2 2 2 2 2 2 2 2 2 2 2 2
left_child=2 5 -1 -3 7 6 -2 -4 -9 -5 13 12 -12 -7
right_child=1 3 4 9 -6 10 -8 8 -10 -11 11 -13 -14 -15
leaf_value=-0.050010316948548017 -0.0049443840493265086 -0.0098170262677224097 -0.016848954646365568 -0.0049443840493265086 -0.0098170262677224097 -0.00063240353412224776 -0.0024626309891818609 -0.032318160566415469 -0.023657810612412358 -0.0073807051585244587 -0.00031651701316304438 -0.00063240353412224776 6.2670531521904284e-05 -0.0018929889891217409
leaf_weight=2.497147376889191 18.639609273799579 29.674335330593749 2.5353782953752679 22.74738524470013 7.8748032902949463 6.7578325821086755 28.86111904536665 2.4550930519762924 2.6572973233996882 6.9430201152572399 190.81510010408238 449.11875418596901 17899.979033381445 226.56818541733082
leaf_count=17507 22018 54132 3650 10401 6083 163 17470 9416 8195 3635 25320 100048 366254 73291
internal_value=-0.000123062 -0.00010454 -0.0195295 -0.00981703 -0.014626 -7.17418e-05 -0.00486565 -0.0238809 -0.0304667 -0.00494438 -5.96121e-05 -4.50111e-05 -6.30492e-07 -0.0012198
internal_weight=18898.1 18880.1 18.0197 59.3647 15.5226 18820.7 47.5007 7.64777 5.11239 29.6904 18773.2 18539.9 18090.8 233.326
internal_count=717583 672732 44851 68168 27344 604564 39488 21261 17611 14036 565076 491622 391574 73454
is_linear=0
shrinkage=0.05


Tree=127
num_leaves=15
num_cat=0
split_feature=0 0 2 2 1 2 1 0 1 2 0 2 0 1
split_gain=2.48768 2.17048 1.49528 1.38422 0.607715 0.525853 0.490948 0.312302 0.07886 0.192313 0.126271 0.0993377 0.0799872 0.0145562
threshold=-5.6880986482067106 -6.6348888657299527 77.500000000000014 72.500000000000014 -7.2271996557495397 72.500000000000014 -7.6296585936489434 -4.0740468412370694 -5.3780344542118366 14.500000000000002 -4.6020927380434147 49.500000000000007 -3.0590583565846807 -1.0000000180025095e-35
decision_type=2 2 2 2 2 2 2 2 2 2 2 2 2 2
left_child=1 -1 4 6 -2 8 -3 -4 9 -6 -10 12 -12 -14
right_child=2 3 7 -5 5 -7 -8 -9 10 -11 11 -13 13 -15
leaf_value=-0.050018608763811367 -0.0037136321258413292 -0.01853704283583334 -0.007350645927373476 -0.029723439744293201 -0.00042285509774878392 -0.0018878161521834102 -0.007350645927373476 -0.0037136321258413292 -0.00042285509774878392 -0.0009644477703621958 -9.3405653682421741e-05 -0.00021413178690169447 5.3093688926908239e-05 0.0001973061576085168
leaf_weight=3.7746260260173612 36.474692251387751 3.1184346261725322 17.257595023111207 4.1255334348679744 7.9707736466079941 37.790200635965448 18.591250013269022 26.032607055269182 91.469701956142671 312.92620307509787 549.03669399768114 374.58330125710927 15440.570370426867 1973.4112374633551
leaf_count=19837 21813 7479 29290 32978 579 19116 16536 12819 22930 95400 55271 72138 302892 8505
internal_value=-0.000121342 -0.0146027 -9.86154e-05 -0.00942827 -7.66183e-05 -6.20002e-05 -0.00735065 -0.00735065 -4.10794e-05 -0.000818162 -2.75484e-05 -5.40848e-06 2.73205e-05 6.94363e-05
internal_weight=18897.1 29.6098 18867.5 25.8352 18824.2 18787.8 21.7097 43.2902 18750 320.897 18429.1 18337.6 17963 17414
internal_count=717583 76830 640753 56993 598644 576831 24015 42109 557715 95979 461736 438806 366668 311397
is_linear=0
shrinkage=0.05


Tree=128
num_leaves=15
num_cat=0
split_feature=1 2 0 0 2 0 0 1 2 2 0 2 1 0
split_gain=2.35463 2.28544 1.04537 0.470805 0.430966 0.419216 0.357636 0.511602 0.138272 0.110178 1.46697 0.599854 0.806003 0.219266
threshold=-7.930726652840403 74.500000000000014 -6.3261385821147327 -3.9468510937126902 122.50000000000001 -5.245454323733437 -5.3665894799949339 -6.1254811524896171 124.50000000000001 16.500000000000004 -1.355507225966901 29.500000000000004 -3.7390090967074072 0.10843343824341536
decision_type=2 2 2 2 2 2 2 2 2 2 2 2 2 2
left_child=2 6 -1 -3 5 -4 7 -2 -5 13 11 12 -11 -8
right_child=1 3 4 8 -6 -7 9 -9 -10 10 -12 -13 -14 -15
leaf_value=-0.050009520251017958 -0.0046853312523432332 -0.0092975588694079857 -0.021523018264336793 -0.0046853312523432332 -0.031871383542620361 -0.0092975588694079857 -0.00012444050385553067 -0.0022446537565254106 -0.006991445060875609 -0.0012591389761956416 -0.00012444050385553067 -0.00183948677246404 -0.00067879117992724312 0.0002014882322575437
leaf_weight=2.2857365380114087 17.342212618212216 29.174367166589946 7.0735645958629902 22.560656422283504 0.99700018140720281 7.0707885202718863 6128.9803839526139 29.703007755466388 6.8667358503444111 294.45764082076494 2035.814042808488 1811.2341358397389 954.74467085488141 7548.1131400801241
leaf_count=17507 20950 54132 19683 10401 2558 5103 87664 18538 3635 26092 64040 297295 41896 48089
internal_value=-0.000120834 -0.000103876 -0.0184912 -0.00929756 -0.0137332 -0.0111747 -7.31036e-05 -0.00442711 -0.00468533 -6.21927e-05 -0.000260628 -0.00123314 -0.000678791 1.17466e-05
internal_weight=18896.4 18879 17.4271 58.6018 15.1414 14.1444 18820.4 47.0452 29.4274 18773.3 5096.25 3060.44 1249.2 13677.1
internal_count=717583 672732 44851 68168 27344 24786 604564 39488 14036 565076 429323 365283 67988 135753
is_linear=0
shrinkage=0.05


Tree=129
num_leaves=15
num_cat=0
split_feature=1 2 0 0 2 0 0 1 2 0 2 0 2 1
split_gain=2.14578 2.14019 1.03215 0.449144 0.430819 0.396523 0.335074 0.490333 0.126811 0.0860119 0.257454 0.256802 0.0986681 0.0399152
threshold=-7.930726652840403 74.500000000000014 -6.3261385821147327 -3.9468510937126902 122.50000000000001 -5.245454323733437 -5.3665894799949339 -6.1254811524896171 124.50000000000001 -4.391846229205119 50.500000000000007 -3.7647331265251309 6.5000000000000009 -5.3264205746625537
decision_type=2 2 2 2 2 2 2 2 2 2 2 2 2 2
left_child=2 6 -1 -3 5 -4 7 -2 -5 12 11 -11 -8 -13
right_child=1 3 4 8 -6 -7 9 -9 -10 10 -12 13 -14 -15
leaf_value=-0.050009055438902897 -0.0045113882338315026 -0.0089602576754895021 -0.021070948197918465 -0.0045113882338315026 -0.03156982374444179 -0.0089602576754895021 -0.00052402177571769597 -0.0021677689347087583 -0.0067358229546605024 -0.00026149998663198428 -0.00052402177571769597 -9.9080292742476778e-05 -0.0016793665490021056 8.0142843423273448e-05
leaf_weight=2.1742795502577819 17.26131661546242 28.904883753893955 6.9231373054208234 22.455763712641787 0.96576392209681294 7.0055760249961132 6.7516314079985014 29.636861595412483 6.819092047517187 190.46114475931972 447.86382225295529 92.219020989257842 225.57435379689559 17806.097380119842
leaf_count=17507 20950 54132 19683 10401 2558 5103 163 18538 3635 25320 100048 16173 73291 350081
internal_value=-0.000108237 -9.22122e-05 -0.0178283 -0.00896026 -0.0131306 -0.0105721 -6.25188e-05 -0.00428357 -0.00451139 -5.19716e-05 -3.99887e-05 1.0218e-06 -0.00100805 6.33394e-05
internal_weight=18891.1 18874 17.0688 58.1797 14.8945 13.9287 18815.9 46.8982 29.2749 18769 18536.6 18088.8 232.326 17898.3
internal_count=717583 672732 44851 68168 27344 24786 604564 39488 14036 565076 491622 391574 73454 366254
is_linear=0
shrinkage=0.05


Tree=130
num_leaves=15
num_cat=0
split_feature=0 0 2 2 1 2 1 0 0 2 0 1 0 1
split_gain=2.01003 2.10967 1.30586 1.22588 0.505823 0.460955 0.430819 0.306646 0.0488506 0.0709635 0.264419 0.0622588 0.0337681 0.0269721
threshold=-5.6880986482067106 -6.6348888657299527 72.500000000000014 77.500000000000014 -7.2271996557495397 72.500000000000014 -7.6296585936489434 -4.0740468412370694 -4.8924231594306047 47.500000000000007 -3.7647331265251309 -5.3780344542118366 -1.7482225333858015 -4.3720561522295034
decision_type=2 2 2 2 2 2 2 2 2 2 2 2 2 2
left_child=1 -1 6 4 -2 8 -3 -5 11 10 -10 -6 -11 -12
right_child=3 2 -4 7 5 -7 -8 -9 9 12 13 -13 -14 -15
leaf_value=-0.050017706976933675 -0.00339416122649001 -0.017945393851028217 -0.029170533863489518 -0.0067202538385669162 -0.00087965519578471995 -0.0017244758723832122 -0.0067202538385669162 -0.00339416122649001 -0.00023226396476163123 -0.00045425541431031059 -8.4745550674919295e-05 -0.00045425541431031059 -0.00023226396476163123 7.6876317015508463e-05
leaf_weight=3.4500511346414013 35.964775461761747 2.931505244952862 3.8722094737095167 16.767347771979985 42.433861261466518 37.422523887653369 18.347835989610761 25.656303353956901 225.63064777315594 567.03989777714014 389.24737643660046 51.39695315354038 61.68537724763155 17408.692105520982
leaf_count=19837 21813 7479 32978 29290 20611 19116 16536 12819 31069 134905 49188 13648 6804 301490
internal_value=-0.000107875 -0.0133527 -0.00832336 -8.77913e-05 -6.80686e-05 -5.47905e-05 -0.00672025 -0.00672025 -3.48345e-05 -2.88556e-05 -1.02725e-05 -0.000879655 -0.000454255 6.27729e-05
internal_weight=18890.5 28.6016 25.1516 18861.9 18819.5 18783.5 21.2793 42.4237 18746.1 18652.3 18023.6 93.8308 628.725 17797.9
internal_count=717583 76830 56993 640753 598644 576831 24015 42109 557715 523456 381747 34259 141709 350678
is_linear=0
shrinkage=0.05


Tree=131
num_leaves=15
num_cat=0
split_feature=2 0 1 2 0 2 2 1 2 0 2 0 1 0
split_gain=1.86951 3.90225 0.878899 0.466994 0.409893 0.279025 0.24036 0.173568 0.267053 0.247058 0.0589381 0.110697 0.0405571 0.0239487
threshold=77.500000000000014 -4.7324137606702967 -7.4193397785226596 72.500000000000014 -5.245454323733437 199.50000000000003 82.500000000000014 -5.4581671483695287 14.500000000000002 -4.6020927380434147 49.500000000000007 -3.7647331265251309 -8.3704400650369752 -6.3261385821147327
decision_type=2 2 2 2 2 2 2 2 2 2 2 2 2 2
left_child=2 4 -1 7 12 -3 -6 8 -4 -9 11 -11 -2 -14
right_child=1 5 3 -5 6 -7 -8 9 -10 10 -12 -13 13 -15
leaf_value=-0.0051738329663674094 -0.050007578955041349 -0.0051738329663674094 -0.00063068948656923795 -0.0026209674617721536 -0.019783295118958918 -0.019783295118958918 -0.033750127648207 -0.00063068948656923795 -0.001337123224724487 -0.00015298427147999235 -0.00031756200819135099 5.4148164140948233e-05 -0.045349778016666557 -0.039165826599510407
leaf_weight=30.881573349164682 1.4937495189078598 31.190804233425297 6.5192961981520048 39.517524461938592 2.63830202142708 1.2162803326500569 3.3026528491755016 105.04910150263458 302.857967433054 177.07340179639868 384.55204992182553 17798.541406936245 0.75526945591991257 4.6087668611944563
leaf_count=35790 15025 18976 511 25226 4643 826 6185 31729 104397 20088 75239 348799 8499 21650
internal_value=-0.00010809 -0.0102639 -8.37274e-05 -6.8102e-05 -0.0343928 -0.00517383 -0.0247792 -5.3279e-05 -0.00122778 -3.36007e-05 -4.43453e-06 1.15935e-05 -0.0427211 -0.040692
internal_weight=18890.2 45.2058 18845 18814.1 12.7987 32.4071 5.94095 18774.6 309.377 18465.2 18360.2 17975.6 6.85779 5.36404
internal_count=717583 75804 641779 605989 56002 19802 10828 580763 104908 475855 444126 368887 45174 30149
is_linear=0
shrinkage=0.05


Tree=132
num_leaves=15
num_cat=0
split_feature=1 2 0 2 0 0 0 1 2 2 0 1 0 0
split_gain=1.73046 1.73774 1.00222 0.430274 0.419774 0.349611 0.261189 0.466657 0.0932447 0.0623321 1.29638 0.513385 0.325243 0.187029
threshold=-7.930726652840403 74.500000000000014 -6.3261385821147327 122.50000000000001 -3.9468510937126902 -5.245454323733437 -5.3665894799949339 -6.1254811524896171 124.50000000000001 16.500000000000004 -1.355507225966901 -3.6939991703715811 -3.8410185438372504 0.10843343824341536
decision_type=2 2 2 2 2 2 2 2 2 2 2 2 2 2
left_child=2 6 -1 5 -3 -4 7 -2 -6 13 11 -11 -13 -8
right_child=1 4 3 -5 8 -7 9 -9 -10 10 -12 12 -14 -15
leaf_value=-0.05000834900934828 -0.0041498933195264964 -0.0082336938055806667 -0.019816865680398327 -0.030910967345585696 -0.0041498933195264964 -0.0082336938055806667 -0.00010371506059797681 -0.0019344031053644317 -0.0061917935625535811 -0.0018110419691665784 -0.00010371506059797681 -0.0012169958648059959 -0.00062294976044541337 0.00018081892596117049
leaf_weight=1.9504093674841012 17.022666396427667 28.07973380999465 6.6194520173303308 0.90192875785578586 22.184544668532912 6.8604537903447609 6129.3121933643706 29.398286904615816 6.7001521316124117 1492.7159518634435 2035.9252320900559 86.791029304265976 1475.3364163367078 7549.5532711148262
leaf_count=17507 20950 54132 19683 2558 10401 5103 87664 18538 3635 271085 64040 10186 84012 48089
internal_value=-0.000106631 -9.25534e-05 -0.0163748 -0.0118136 -0.00823369 -0.0092566 -6.60928e-05 -0.00381198 -0.00414989 -5.68285e-05 -0.000206187 -0.00114218 -0.00062295 -1.24265e-06
internal_weight=18889.4 18873 16.3322 14.3818 56.9644 13.4799 18816.1 46.421 28.8847 18769.6 5090.77 3054.84 1562.13 13678.9
internal_count=717583 672732 44851 27344 68168 24786 604564 39488 14036 565076 429323 365283 94198 135753
is_linear=0
shrinkage=0.05


Tree=133
num_leaves=15
num_cat=0
split_feature=0 0 2 2 1 2 1 0 0 1 2 1 1 2
split_gain=1.63525 2.05377 1.20051 0.957706 0.42341 0.40727 0.397271 0.315015 0.0373811 0.0597591 0.0438514 0.171405 0.00723913 0.00558576
threshold=-5.6880986482067106 -6.6348888657299527 72.500000000000014 77.500000000000014 -7.2271996557495397 72.500000000000014 -7.6296585936489434 -4.0740468412370694 -4.8924231594306047 -5.3780344542118366 47.500000000000007 -3.9321862550580593 -1.0000000180025095e-35 45.500000000000007
decision_type=2 2 2 2 2 2 2 2 2 2 2 2 2 2
left_child=1 -1 6 4 -2 8 -3 -5 9 -6 11 -10 13 -13
right_child=3 2 -4 7 5 -7 -8 -9 10 -11 -12 12 -14 -15
leaf_value=-0.050016945816679682 -0.0031063027859525982 -0.017412217426122877 -0.028672890027771205 -0.0061515448244745478 -0.00080370772802453895 -0.0015776266205572952 -0.0061515448244745478 -0.0031063027859525982 -0.00021223697626174959 -0.000414167966570662 -0.000414167966570662 4.0630122761322723e-05 0.00013838585455778655 -8.1931235304490233e-05
leaf_weight=3.1826239473666673 35.521234420215478 2.8067957871535354 3.6014987989328793 16.145120308327023 42.252916825585999 37.120247557555558 18.157998640672307 25.297962385113351 893.05384255363606 51.265004278277047 627.14976354292594 15111.479139330797 1976.0491076558828 41.765587537083775
leaf_count=19837 21813 7479 32978 29290 20611 19116 16536 12819 99828 13648 141709 268755 8523 4641
internal_value=-9.60491e-05 -0.0122249 -0.00732883 -7.82011e-05 -6.10607e-05 -4.89505e-05 -0.00615154 -0.00615154 -2.97888e-05 -0.000803708 -2.46282e-05 -1.0306e-05 4.83745e-05 3.66366e-05
internal_weight=18884.8 27.7489 24.5663 18857.1 18815.7 18780.1 20.9648 41.4431 18743 93.5179 18649.5 18022.3 17129.3 15153.2
internal_count=717583 76830 56993 640753 598644 576831 24015 42109 557715 34259 523456 381747 281919 273396
is_linear=0
shrinkage=0.05


Tree=134
num_leaves=15
num_cat=0
split_feature=1 2 0 2 0 0 0 1 2 0 2 0 2 1
split_gain=1.47998 1.5472 0.966805 0.431965 0.387023 0.317817 0.210287 0.455438 0.0765921 0.0432087 0.169924 0.190164 0.0810818 0.0297845
threshold=-7.930726652840403 74.500000000000014 -6.3261385821147327 122.50000000000001 -3.9468510937126902 -5.245454323733437 -5.3665894799949339 -6.1254811524896171 124.50000000000001 -4.391846229205119 50.500000000000007 -3.7647331265251309 6.5000000000000009 -5.3264205746625537
decision_type=2 2 2 2 2 2 2 2 2 2 2 2 2 2
left_child=2 6 -1 5 -3 -4 7 -2 -6 12 11 -11 -8 -13
right_child=1 4 3 -5 8 -7 9 -9 -10 10 -12 13 -14 -15
leaf_value=-0.05000772225773388 -0.0038902500693746103 -0.0077231520894712391 -0.018887868589793372 -0.030485924849428154 -0.0038902500693746103 -0.0077231520894712391 -0.00038462361016394835 -0.0017406496036907475 -0.005806701079422924 -0.00019438764647279337 -0.00038462361016394835 -6.8753919565101322e-05 -0.0013974084528170527 7.2833424098065611e-05
leaf_weight=1.7869229452480784 16.840711292810738 27.677941312816984 6.4221285838430022 0.86780393941444423 22.031824815203439 6.7795899699558495 6.7435504952445617 29.202916925380123 6.6383913245517752 190.02870534849353 446.23180398717523 91.932331651449203 224.27535687689669 17806.63065459975
leaf_count=17507 20950 54132 19683 2558 10401 5103 163 18538 3635 25320 100048 16173 73291 350081
internal_value=-9.50378e-05 -8.2206e-05 -0.0153641 -0.0109641 -0.00772315 -0.00839627 -5.7348e-05 -0.00343223 -0.00389025 -4.90675e-05 -4.05971e-05 -4.15168e-06 -0.00072865 5.68798e-05
internal_weight=18884.1 18868.2 15.8564 14.0695 56.3482 13.2017 18811.9 46.0436 28.6702 18765.8 18534.8 18088.6 231.019 17898.6
internal_count=717583 672732 44851 27344 68168 24786 604564 39488 14036 565076 491622 391574 73454 366254
is_linear=0
shrinkage=0.05


Tree=135
num_leaves=15
num_cat=0
split_feature=0 2 1 2 0 1 2 0 0 1 2 1 0 1
split_gain=1.3818 2.71355 1.37292 0.67832 0.226162 0.189091 0.305012 0.0767673 0.0758177 0.0464668 0.0342595 0.145519 0.0126515 0.00653057
threshold=-5.585978016888701 72.500000000000014 -7.6296585936489434 77.500000000000014 -4.0740468412370694 -7.2271996557495397 72.500000000000014 -6.3261385821147327 -4.8924231594306047 -8.3704400650369752 47.500000000000007 -3.9321862550580593 -5.1324531555502428 -1.0000000180025095e-35
decision_type=2 2 2 2 2 2 2 2 2 2 2 2 2 2
left_child=1 2 -1 5 -5 12 8 -3 -7 -9 11 -10 -2 -13
right_child=3 7 -4 4 -6 6 -8 9 10 -11 -12 13 -14 -15
leaf_value=-0.023217048716963229 -0.0025570243868594912 -0.050005061946751243 -0.0050517392851923207 -0.0050517392851923207 -0.0025570243868594912 -0.00067185143183476727 -0.0013060293464611629 -0.043773369810886927 -0.00018277409694901419 -0.034626489117903905 -0.00035004186164980282 3.1185670964988384e-05 -0.0013060293464611629 0.00012782512324634824
leaf_weight=4.0610763272852664 10.780389835446838 1.7858167351514556 25.10095956036821 15.298118162478202 25.104182849870995 88.143389194854535 36.448398957756581 0.75989770417072433 892.86427757982165 3.2494357590403538 626.62462996062823 15154.451458804775 22.924694730492774 1976.1228315010667
leaf_count=11522 9059 22285 23477 26616 12819 31405 18332 7128 99828 20862 141709 273396 10622 8523
internal_value=-9.5113e-05 -0.0100268 -0.00505174 -7.66936e-05 -0.00505174 -6.23095e-05 -5.50343e-05 -0.0413824 -3.76735e-05 -0.0375417 -2.82323e-05 -1.55063e-05 -0.00255702 4.23337e-05
internal_weight=18883.7 34.9572 29.162 18848.8 40.4023 18808.4 18774.7 5.79515 18738.2 4.00933 18650.1 18023.4 33.7051 17130.6
internal_count=717583 85274 34999 632309 39435 592874 573193 50275 554861 27990 523456 381747 19681 281919
is_linear=0
shrinkage=0.05


Tree=136
num_leaves=15
num_cat=0
split_feature=2 0 1 0 2 2 2 0 2 0 0 1 1 1
split_gain=1.25403 3.53439 0.610355 0.402409 0.356956 0.236178 0.226741 0.113591 0.0636486 0.303384 0.0524193 0.049018 0.0420657 0.0251873
threshold=77.500000000000014 -4.7324137606702967 -7.4193397785226596 -5.245454323733437 72.500000000000014 82.500000000000014 199.50000000000003 -4.8924231594306047 47.500000000000007 -3.7647331265251309 -1.7482225333858015 -5.6220774196738885 -8.3704400650369752 -4.3720561522295034
decision_type=2 2 2 2 2 2 2 2 2 2 2 2 2 2
left_child=2 3 -1 12 7 -5 -3 11 9 -9 -10 -4 -2 -11
right_child=1 6 4 5 -6 -7 -8 8 10 13 -12 -13 -14 -15
leaf_value=-0.0043300477400726569 -0.050006813413552266 -0.0043300477400726569 -0.0011220450155797659 -0.018649621003529689 -0.0021958160263113929 -0.032569695457797157 -0.018649621003529689 -0.00027620378806804565 -0.00057997870217259067 -0.00011131378806468291 -0.00027620378806804565 -0.00057997870217259067 -0.039734498972462895 6.5921979406360112e-05
leaf_weight=29.84511403110082 1.2534030521346702 30.479345583007674 47.758316552062752 2.5174456185777672 38.944829496344028 3.0951306321076117 1.1680686015752133 226.10211368137971 568.82213765196502 388.72027596901171 61.55816187383607 67.719682666793233 4.8647606474842178 17410.136207290459
leaf_count=35790 15025 18976 30839 4643 25226 6185 826 31382 136544 49246 6804 24458 30149 301490
internal_value=-9.40241e-05 -0.00858562 -7.44722e-05 -0.0329692 -6.15843e-05 -0.0233004 -0.00433005 -4.8274e-05 -3.79124e-05 -2.0641e-05 -0.000531767 -0.00112205 -0.0418389 5.35762e-05
internal_weight=18883 43.3782 18839.6 11.7307 18809.8 5.61258 31.6474 18770.8 18655.3 18025 630.38 115.478 6.11816 17798.9
internal_count=717583 75804 641779 56002 605989 10828 19802 580763 525466 382118 143348 55297 45174 350736
is_linear=0
shrinkage=0.05


Tree=137
num_leaves=15
num_cat=0
split_feature=0 0 2 2 1 1 2 0 0 1 2 1 1 1
split_gain=1.1863 2.00104 1.03849 0.692573 0.34492 0.334566 0.341166 0.28923 0.0250483 0.0545111 0.0279122 0.0686483 0.0113238 0.0025511
threshold=-5.6880986482067106 -6.6348888657299527 72.500000000000014 77.500000000000014 -7.6296585936489434 -7.2271996557495397 72.500000000000014 -4.0740468412370694 -4.8924231594306047 -5.3780344542118366 50.500000000000007 -5.3264205746625537 -1.0000000180025095e-35 -7.13931908741574
decision_type=2 2 2 2 2 2 2 2 2 2 2 2 2 2
left_child=1 -1 4 5 -3 -2 8 -5 9 -7 11 -10 -13 -12
right_child=3 2 -4 7 -6 6 -8 -9 10 -11 13 12 -14 -15
leaf_value=-0.050016243497590263 -0.0027115530481797209 -0.016650593221138179 -0.027942421774636801 -0.0053587646676395541 -0.0053587646676395541 -0.00070885004841319719 -0.0013825170769630013 -0.0027115530481797209 -0.00019538243374692078 -0.00036993570520812047 -0.00036993570520812047 -8.7121979333646183e-06 0.00011813818296041879 -0.00025267741640659018
leaf_weight=2.8776710587371808 35.055074426069041 2.631503751967105 3.2263871946379359 15.481766444077946 17.896808809600774 42.063497032620944 36.80120286429883 24.917412400362082 140.57870235992596 51.094795272219926 2.486449454445391 16033.100485496456 1976.1904241144657 498.06237638718449
leaf_count=19837 21813 7479 32978 29290 16536 20611 19116 12819 29045 13648 914 365719 8523 119255
internal_value=-9.35988e-05 -0.0106388 -0.0058686 -7.87045e-05 -0.00535876 -6.43414e-05 -5.34811e-05 -0.00535876 -3.5183e-05 -0.00070885 -3.10214e-05 -2.08292e-05 5.20731e-06 -0.000369936
internal_weight=18882.5 26.6324 23.7547 18855.8 20.5283 18815.4 18780.4 40.3992 18743.6 93.1583 18650.4 18149.9 18009.3 500.549
internal_count=717583 76830 56993 640753 24015 598644 576831 42109 557715 34259 523456 403287 374242 120169
is_linear=0
shrinkage=0.05


Tree=138
num_leaves=15
num_cat=0
split_feature=1 2 0 2 0 0 0 1 2 0 0 1 2 1
split_gain=1.09379 1.18501 0.918326 0.433267 0.296827 0.255706 0.14444 0.148226 0.169916 0.0595685 0.0191533 0.0289226 0.0225748 0.106641
threshold=-7.930726652840403 75.500000000000014 -6.3261385821147327 122.50000000000001 -3.1552956622595381 -5.245454323733437 -5.6880986482067106 -7.2271996557495397 72.500000000000014 -6.2275587580463503 -4.8924231594306047 -5.3780344542118366 47.500000000000007 -3.9321862550580593
decision_type=2 2 2 2 2 2 2 2 2 2 2 2 2 2
left_child=2 6 -1 5 -3 -4 9 -8 10 -2 11 -9 13 -12
right_child=1 4 3 -5 -6 -7 7 8 -10 -11 12 -13 -14 -15
leaf_value=-0.050006995384740495 -0.0034394521818443581 -0.0068184684804726411 -0.017080801556343905 -0.029691984641085419 -0.0034394521818443581 -0.0068184684804726411 -0.001747591343401411 -0.00046653342300133956 -0.00089817444446145176 -0.001747591343401411 -0.00013442499112203735 -0.000248696575525934 -0.000248696575525934 3.6748435644485514e-05
leaf_weight=1.5501798818440864 7.0498145323363159 27.976991849354818 6.0700487849971951 0.80612235967419188 20.682505425997078 6.6445686073857351 25.591080255137058 42.033823482342996 28.142386141524184 13.711296546935044 892.63209724565968 51.076161845470779 625.93633680208586 17131.63349127816
leaf_count=17507 11240 53443 19683 2558 8865 5103 13829 20611 12354 15286 99828 13648 141709 281919
internal_value=-9.1555e-05 -8.07993e-05 -0.0135561 -0.00937697 -0.00681847 -0.00681847 -6.04359e-05 -5.57305e-05 -4.87575e-05 -0.00343945 -3.48924e-05 -0.000466533 -3.08597e-05 -2.01534e-05
internal_weight=18881.5 18866.5 15.0709 13.5207 48.6595 12.7146 18817.8 18797 18771.5 20.7611 18743.3 93.11 18650.2 18024.3
internal_count=717583 672732 44851 27344 62308 24786 610424 583898 570069 26526 557715 34259 523456 381747
is_linear=0
shrinkage=0.05


Tree=139
num_leaves=15
num_cat=0
split_feature=0 0 2 2 1 1 2 0 0 1 2 1 1 1
split_gain=0.989023 1.93808 0.985872 0.600434 0.317034 0.29324 0.31045 0.26546 0.0222942 0.0500757 0.024126 0.063511 0.0101339 0.00253896
threshold=-5.6880986482067106 -6.6348888657299527 72.500000000000014 77.500000000000014 -7.6296585936489434 -7.2271996557495397 72.500000000000014 -4.0740468412370694 -4.8924231594306047 -5.3780344542118366 50.500000000000007 -5.3264205746625537 -1.0000000180025095e-35 -7.13931908741574
decision_type=2 2 2 2 2 2 2 2 2 2 2 2 2 2
left_child=1 -1 4 5 -3 -2 8 -5 9 -7 11 -10 -13 -12
right_child=3 2 -4 7 -6 6 -8 -9 10 -11 13 12 -14 -15
leaf_value=-0.050015469346123775 -0.0025060548822015247 -0.016277687291620452 -0.02760720278348713 -0.0049481717997537774 -0.0049481717997537774 -0.00065781459874530556 -0.0012798790469425109 -0.0025060548822015247 -0.00018357048006264332 -0.00034481146994435745 -0.00034481146994435745 -9.6078166536858628e-06 0.00011039099798963819 -0.00022772827727450583
leaf_weight=2.6895918112131794 34.820272628930979 2.5423104113433537 3.0959103937930186 15.272890580963574 17.762035663821738 42.014305491466075 36.672415084321983 24.744732091436163 140.53067462751642 51.063639042782597 2.4849201932083806 16033.2808854084 1976.2445468455553 497.81516832928173
leaf_count=19837 21813 7479 32978 29290 16536 20611 19116 12819 29045 13648 914 365719 8523 119255
internal_value=-9.07505e-05 -0.00981905 -0.00519894 -7.72893e-05 -0.00494817 -6.3938e-05 -5.37032e-05 -0.00494817 -3.57502e-05 -0.000657815 -3.18083e-05 -2.23295e-05 3.56005e-06 -0.000344811
internal_weight=18881 26.0898 23.4003 18854.9 20.3043 18814.9 18780.1 40.0176 18743.4 93.0779 18650.4 18150.1 18009.5 500.3
internal_count=717583 76830 56993 640753 24015 598644 576831 42109 557715 34259 523456 403287 374242 120169
is_linear=0
shrinkage=0.05


Tree=140
num_leaves=15
num_cat=0
split_feature=1 2 0 2 0 0 0 1 2 2 0 1 0 1
split_gain=0.922633 1.05473 0.880318 0.432769 0.304754 0.229115 0.110657 0.407975 0.0301228 0.0246057 1.11793 0.410069 0.147842 0.271023
threshold=-7.930726652840403 74.500000000000014 -6.3261385821147327 122.50000000000001 -3.9468510937126902 -5.245454323733437 -5.3665894799949339 -6.1254811524896171 124.50000000000001 16.500000000000004 -1.355507225966901 -2.808759530089179 0.10843343824341536 -1.5900814027064756
decision_type=2 2 2 2 2 2 2 2 2 2 2 2 2 2
left_child=2 6 -1 5 -3 -4 7 -2 -6 12 11 -11 -8 -14
right_child=1 4 3 -5 8 -7 9 -9 -10 10 -12 -13 13 -15
leaf_value=-0.050006485992783872 -0.0032026317294322655 -0.0063464618535243435 -0.016200172209759667 -0.029307121763744504 -0.0032026317294322655 -0.0063464618535243435 -8.2355997738895782e-05 -0.0012916987313232224 -0.0047745467914783041 -0.0012916987313232224 -8.2355997738895782e-05 -0.00056288270115672069 3.6454305300926603e-05 0.0003930456416830915
leaf_weight=1.4216966923522694 16.421539487419068 26.506306750015938 5.9121277526137392 0.77759102487471032 21.62409038736951 6.5802274795714757 6129.8179691340774 28.750149977422552 6.4807090735994271 2394.5861790027702 2036.0037490422837 654.1926956535317 1384.3344956561923 6166.7497569024563
leaf_count=17507 20950 54132 19683 2558 10401 5103 87664 18538 3635 335088 64040 30195 13838 34251
internal_value=-8.88035e-05 -7.90495e-05 -0.0126139 -0.00860776 -0.00634646 -0.00634646 -5.88016e-05 -0.00253055 -0.00320263 -5.28518e-05 -0.000146765 -0.00104341 -1.7947e-05 0.000155265
internal_weight=18880.2 18865.5 14.6916 13.2699 54.6111 12.4924 18810.9 45.1717 28.1048 18765.7 5084.78 3048.78 13680.9 7551.08
internal_count=717583 672732 44851 27344 68168 24786 604564 39488 14036 565076 429323 365283 135753 48089
is_linear=0
shrinkage=0.05


Tree=141
num_leaves=15
num_cat=0
split_feature=1 2 0 2 0 0 0 1 2 0 0 1 2 1
split_gain=0.825455 0.988054 0.860929 0.429169 0.245215 0.213159 0.104841 0.125656 0.148102 0.0580928 0.01478 0.0268335 0.0143031 0.0408375
threshold=-7.930726652840403 75.500000000000014 -6.3261385821147327 122.50000000000001 -3.1552956622595381 -5.245454323733437 -5.6880986482067106 -7.2271996557495397 72.500000000000014 -6.2275587580463503 -4.8924231594306047 -5.3780344542118366 50.500000000000007 -5.3264205746625537
decision_type=2 2 2 2 2 2 2 2 2 2 2 2 2 2
left_child=2 6 -1 5 -3 -4 9 -8 10 -2 11 -9 13 -12
right_child=1 4 3 -5 -6 -7 7 8 -10 -11 12 -13 -14 -15
leaf_value=-0.050006169430807462 -0.0030517883835404695 -0.0060484303594310765 -0.015647851276907026 -0.02905574215069694 -0.0030517883835404695 -0.0060484303594310765 -0.0015514889221161284 -0.00041455250711206067 -0.00079804888798465498 -0.0015514889221161284 -0.00012048558080097838 -0.00022104295352576113 -0.00022104295352576113 5.4513756369452949e-06
leaf_weight=1.3523680845391925 6.8996203754722982 27.491234389694 5.8172300041915124 0.75515565756359215 20.488435097271577 6.5387330577068488 25.441510408010799 41.923067312338389 28.022624277800787 13.577993931336094 140.3411382518243 50.990660361363553 499.58311930159107 18007.439583068015
leaf_count=17507 11240 53443 19683 2558 8865 5103 13829 20611 12354 15286 29045 13648 120169 374242
internal_value=-8.28788e-05 -7.3723e-05 -0.0120231 -0.00810531 -0.00604843 -0.00604843 -5.51464e-05 -5.11895e-05 -4.46089e-05 -0.00305179 -3.10561e-05 -0.000414553 -2.75334e-05 -1.99282e-05
internal_weight=18876.7 18862.2 14.4635 13.1111 47.9797 12.356 18814.2 18793.7 18768.3 20.4776 18740.3 92.9137 18647.4 18147.8
internal_count=717583 672732 44851 27344 62308 24786 610424 583898 570069 26526 557715 34259 523456 403287
is_linear=0
shrinkage=0.05


Tree=142
num_leaves=15
num_cat=0
split_feature=0 0 2 2 1 0 1 2 0 1 2 1 1 1
split_gain=0.772241 1.86483 0.918562 0.481985 0.276294 0.246223 0.241394 0.27062 0.0172051 0.0454619 0.0144552 0.0533276 0.00609042 0.00522214
threshold=-5.6880986482067106 -6.6348888657299527 72.500000000000014 77.500000000000014 -7.6296585936489434 -4.7324137606702967 -7.2271996557495397 72.500000000000014 -4.8924231594306047 -5.3780344542118366 50.500000000000007 -5.3264205746625537 -1.0000000180025095e-35 -7.13931908741574
decision_type=2 2 2 2 2 2 2 2 2 2 2 2 2 2
left_child=1 -1 4 6 -3 -5 -2 8 9 -8 11 -10 -13 -12
right_child=3 2 -4 5 -6 -7 7 -9 10 -11 13 12 -14 -15
leaf_value=-0.050014800490872091 -0.0022429974113687529 -0.015824980585157782 -0.027221587220395884 -0.004428373949919677 -0.004428373949919677 -0.0022429974113687529 -0.00058827052522100515 -0.0011456391314102244 -0.00015648183539114003 -0.0003078628494069539 -0.0003078628494069539 -5.0308969068011695e-06 8.7995126960640515e-05 -0.00015648183539114003
leaf_weight=2.4759683504271406 34.479863486223621 2.4178320291393929 2.9367253653326761 8.5995967894414189 17.607008915219925 30.867034901049919 41.905768330092542 36.452790055453079 140.3244346389547 50.97954846220091 2.4803339019417754 16031.142065407708 1976.3651717305183 496.99344868888147
leaf_count=19837 21813 7479 32978 22307 16536 19802 20611 19116 29045 13648 914 365719 8523 119255
internal_value=-8.1273e-05 -0.00878722 -0.00442837 -6.9525e-05 -0.00442837 -0.00442837 -5.76209e-05 -4.82809e-05 -3.09019e-05 -0.000588271 -2.74552e-05 -2.01519e-05 5.17892e-06 -0.000292812
internal_weight=18876 25.4375 22.9616 18850.6 20.0248 39.4666 18811.1 18776.6 18740.2 92.8853 18647.3 18147.8 18007.5 499.474
internal_count=717583 76830 56993 640753 24015 42109 598644 576831 557715 34259 523456 403287 374242 120169
is_linear=0
shrinkage=0.05


Tree=143
num_leaves=15
num_cat=0
split_feature=2 0 0 1 2 2 2 1 2 0 1 2 0 2
split_gain=0.718232 3.13205 0.391505 0.360098 0.25139 0.230925 0.161807 0.0667396 0.177814 0.140954 0.0431859 0.0369627 0.0243912 0.00705
threshold=77.500000000000014 -4.7324137606702967 -5.245454323733437 -7.4193397785226596 72.500000000000014 82.500000000000014 199.50000000000003 -5.4581671483695287 14.500000000000002 -4.6020927380434147 -8.3704400650369752 68.500000000000014 -6.3261385821147327 98.500000000000014
decision_type=2 2 2 2 2 2 2 2 2 2 2 2 2 2
left_child=3 2 10 -1 7 -4 -3 8 -5 -9 -2 -11 -12 -14
right_child=1 6 5 4 -6 -7 -8 9 -10 11 12 -13 13 -15
leaf_value=-0.0033597449201986972 -0.050006118927281323 -0.0033597449201986972 -0.017300298101116138 -0.00040347809332360094 -0.001707614700791484 -0.031136722938002098 -0.017300298101116138 -0.00040347809332360094 -0.00087565871133620974 6.7989378804888409e-06 -0.044284480216972219 -0.00020453806150646928 -0.036304286104202332 -0.04064150371840778
leaf_weight=28.663448016031907 1.0163566375776989 29.678976669267289 2.388588386005722 6.4980322655756018 38.366890386823798 2.8793161709327251 1.1191830310272042 103.87223920345423 300.05333781792433 18334.973714996828 0.52531943388384883 21.440507187973708 3.6473653762004714 0.19455993029987428
leaf_count=35790 15025 18976 4643 511 25226 6185 826 31729 104397 439106 8499 5020 20678 972
internal_value=-7.97155e-05 -0.00665424 -0.0312409 -6.52463e-05 -5.54845e-05 -0.0215503 -0.00335974 -4.37027e-05 -0.000775404 -3.15521e-05 -0.0407232 -5.59803e-06 -0.0385628 -0.0369985
internal_weight=18875.3 41.4497 10.6515 18833.9 18805.2 5.2679 30.7982 18766.8 306.551 18460.3 5.3836 18356.4 4.36724 3.84193
internal_count=717583 75804 56002 641779 605989 10828 19802 580763 104908 475855 45174 444126 30149 21650
is_linear=0
shrinkage=0.05


Tree=144
num_leaves=15
num_cat=0
split_feature=0 2 1 2 0 1 2 0 1 0 0 2 1 1
split_gain=0.64534 2.26847 1.13615 0.301697 0.190073 0.0915055 0.200779 0.0818534 0.050305 0.0483136 0.0249241 0.0122995 0.0462189 0.00549297
threshold=-5.585978016888701 72.500000000000014 -7.6296585936489434 77.500000000000014 -4.7324137606702967 -7.2271996557495397 72.500000000000014 -6.3261385821147327 -8.3704400650369752 -4.8924231594306047 -5.1324531555502428 50.500000000000007 -5.3264205746625537 -1.0000000180025095e-35
decision_type=2 2 2 2 2 2 2 2 2 2 2 2 2 2
left_child=1 2 -1 5 -5 10 9 -3 -9 -7 -2 12 -11 -14
right_child=3 7 -4 4 -6 6 -8 8 -10 11 -12 -13 13 -15
leaf_value=-0.021510395068981388 -0.0018215057376746156 -0.050004095592149057 -0.0035868728448222409 -0.0035868728448222409 -0.0018215057376746156 -0.00048581860146785117 -0.00093632756378534657 -0.042671573856670315 -0.03217138143355075 -0.00013843179073000502 -0.00093632756378534657 -0.00025647719477803882 -5.090203854003415e-06 8.325470034202809e-05
leaf_weight=3.5290384972031488 10.419422619248506 1.3201127718129999 24.325121523521375 7.7969038905575863 30.679880481038708 87.669544808217324 35.876549813547172 0.60522762215259618 2.8024126265299869 140.20452205860056 22.424875714350492 499.27098165778443 16031.154272334417 1976.3982288092375
leaf_count=11522 9059 22285 23477 19633 19802 31405 18332 7128 20862 29045 10622 120169 365719 8523
internal_value=-7.75824e-05 -0.00710832 -0.00358687 -6.54247e-05 -0.00358687 -5.61386e-05 -5.11494e-05 -0.0394339 -0.0353391 -3.53096e-05 -0.00182151 -2.71358e-05 -2.03864e-05 4.60599e-06
internal_weight=18874.5 32.5819 27.8542 18841.9 38.4768 18803.4 18770.6 4.72775 3.40764 18734.7 32.8443 18647 18147.8 18007.6
internal_count=717583 85274 34999 632309 39435 592874 573193 50275 27990 554861 19681 523456 403287 374242
is_linear=0
shrinkage=0.05


Tree=145
num_leaves=15
num_cat=0
split_feature=1 0 2 2 0 0 0 1 2 1 1 0 0 0
split_gain=0.586906 0.808723 0.755083 0.423536 0.201556 0.162157 0.064605 0.109608 0.125461 0.0772222 0.0104302 0.269678 0.0284359 0.00822072
threshold=-7.930726652840403 -6.3261385821147327 75.500000000000014 122.50000000000001 -3.1552956622595381 -5.245454323733437 -5.722027412160867 -7.2271996557495397 72.500000000000014 -5.7083540058513611 -1.0000000180025095e-35 2.5768375980186855 -0.054982390175775588 -4.8924231594306047
decision_type=2 2 2 2 2 2 2 2 2 2 2 2 2 2
left_child=1 -1 6 5 -4 -3 9 -8 10 -2 13 12 -12 -9
right_child=2 3 4 -5 -6 -7 7 8 -10 -11 11 -13 -14 -15
leaf_value=-0.050005626737963507 -0.0026337167129885219 -0.013919123603823828 -0.0052151694757601522 -0.028343704550133266 -0.0026337167129885219 -0.0052151694757601522 -0.0013415027533897823 -0.0003608436607521281 -0.00069214189746729889 -0.0013415027533897823 1.8368793373761027e-05 0.0014594084709500992 0.00033794970265001569 -3.9536632614589059e-05
leaf_weight=1.177168020607495 8.2113173609905079 5.538810337748143 26.795532317199104 0.70626842076308172 20.270239422214217 6.4358010378782629 25.413869687916304 93.56094355462119 27.903439191053621 10.896709245818782 212.40375860780478 328.17287117242813 1435.8506385833025 16670.422429819591
leaf_count=17507 16151 19683 53443 2558 8865 5103 14182 35108 12468 9059 1099 1326 6098 514933
internal_value=-7.59827e-05 -0.0103619 -6.84247e-05 -0.00668178 -0.00521517 -0.00521517 -5.2264e-05 -4.92888e-05 -4.2781e-05 -0.00263372 -2.95454e-05 7.90909e-05 1.83688e-05 -4.23534e-05
internal_weight=18873.8 13.858 18859.9 12.6809 47.0658 11.9746 18812.8 18793.7 18768.3 19.108 18740.4 1976.43 1648.25 16764
internal_count=717583 44851 672732 27344 62308 24786 610424 585214 571032 25210 558564 8523 7197 550041
is_linear=0
shrinkage=0.05


Tree=146
num_leaves=15
num_cat=0
split_feature=0 0 2 2 1 0 1 2 0 1 2 1 1 1
split_gain=0.530472 1.79733 0.775363 0.339702 0.241521 0.211736 0.187458 0.222874 0.0124642 0.0386425 0.0108474 0.0460911 0.00458419 0.00232357
threshold=-5.6880986482067106 -6.6348888657299527 72.500000000000014 77.500000000000014 -7.6296585936489434 -4.7324137606702967 -7.2271996557495397 72.500000000000014 -4.8924231594306047 -5.3780344542118366 50.500000000000007 -5.3264205746625537 -7.13931908741574 -1.0000000180025095e-35
decision_type=2 2 2 2 2 2 2 2 2 2 2 2 2 2
left_child=1 -1 4 6 -3 -5 -2 8 9 -8 11 -10 -12 -13
right_child=3 2 -4 5 -6 -7 7 -9 10 -11 12 13 -14 -15
leaf_value=-0.050014256180465157 -0.0018971078426906268 -0.015307241646028664 -0.026876246490840829 -0.0037382368012165001 -0.0037382368012165001 -0.0018971078426906268 -0.00050152750338530771 -0.00097232677907227731 -0.00013960575187480458 -0.00026465993750731699 -0.00026465993750731699 -2.859029277239531e-06 -0.00013960575187480458 5.4598715166581671e-05
leaf_weight=2.2532681537268244 34.138711720646825 2.2857646615302682 2.6535975006336221 8.2080684858665318 17.423662661225539 30.507088046113495 41.803521287394688 36.242227392591303 140.17987292842008 50.892402104800567 2.4766870047897092 16030.615743028233 496.64796610665508 1976.4758957847953
leaf_count=19837 21813 7479 32978 22307 16536 19802 20611 19116 29045 13648 914 365719 119255 8523
internal_value=-7.54721e-05 -0.00741058 -0.00373824 -6.58922e-05 -0.00373824 -0.00373824 -5.59789e-05 -4.75457e-05 -3.07282e-05 -0.000501528 -2.77924e-05 -2.14678e-05 -0.000257744 3.44759e-06
internal_weight=18872.8 24.6163 22.363 18848.2 19.7094 38.7152 18809.5 18775.3 18739.1 92.6959 18646.4 18147.3 499.125 18007.1
internal_count=717583 76830 56993 640753 24015 42109 598644 576831 557715 34259 523456 403287 120169 374242
is_linear=0
shrinkage=0.05


Tree=147
num_leaves=15
num_cat=0
split_feature=2 0 0 1 2 2 2 1 2 0 1 2 0 2
split_gain=0.494024 2.8417 0.378941 0.262835 0.22589 0.202175 0.141738 0.0513996 0.144739 0.121689 0.0444727 0.0327576 0.024259 0.00746757
threshold=77.500000000000014 -4.7324137606702967 -5.245454323733437 -7.4193397785226596 82.500000000000014 72.500000000000014 199.50000000000003 -5.4581671483695287 14.500000000000002 -4.6020927380434147 -8.3704400650369752 68.500000000000014 -6.3261385821147327 98.500000000000014
decision_type=2 2 2 2 2 2 2 2 2 2 2 2 2 2
left_child=3 2 10 -1 -4 7 -3 8 -5 -9 -2 -11 -12 -14
right_child=1 6 4 5 -6 -7 -8 9 -10 11 12 -13 13 -15
leaf_value=-0.0028276366342980769 -0.050005728096370411 -0.0028276366342980769 -0.016433836131687276 -0.00035879593519831356 -0.030164196825971181 -0.0014407367232786607 -0.016433836131687276 -0.00035879593519831356 -0.0007417497617397225 5.5579178427349916e-06 -0.043836848330351529 -0.00018279826428337247 -0.035368746401460947 -0.03997252109960036
leaf_weight=28.140072844831593 0.89106990499931082 29.358291761484001 2.3184352839598432 6.4921678303508079 2.7512081996828783 38.100381348558585 1.0912092720973294 103.63779617779073 299.50361325932317 18334.436840216164 0.45472543627329098 21.426923288730904 3.4144881071042641 0.18158550321095379
leaf_count=35790 15025 18976 4643 511 6185 25226 826 31729 104397 439106 8499 5020 20678 972
internal_value=-7.40694e-05 -0.00559306 -0.03004 -6.22115e-05 -0.0204358 -5.38368e-05 -0.00282764 -4.27628e-05 -0.000685483 -3.21087e-05 -0.0398926 -6.80059e-06 -0.037668 -0.0361082
internal_weight=18872.2 40.461 10.0115 18831.7 5.06964 18803.6 30.4495 18765.5 305.996 18459.5 4.94187 18355.9 4.0508 3.59607
internal_count=717583 75804 56002 641779 10828 605989 19802 580763 104908 475855 45174 444126 30149 21650
is_linear=0
shrinkage=0.05


Tree=148
num_leaves=15
num_cat=0
split_feature=1 0 2 2 1 0 0 0 1 2 2 1 1 1
split_gain=0.444591 0.769896 0.607499 0.41312 0.322598 0.161327 0.135589 0.132094 0.0615805 0.0317386 0.00714686 0.0376005 0.0286307 0.0020951
threshold=-7.930726652840403 -6.3261385821147327 73.500000000000014 122.50000000000001 -7.2271996557495397 -3.1552956622595381 -4.8924231594306047 -5.245454323733437 -5.7083540058513611 155.50000000000003 50.500000000000007 -5.3264205746625537 -7.13931908741574 -1.0000000180025095e-35
decision_type=2 2 2 2 2 2 2 2 2 2 2 2 2 2
left_child=1 -1 4 7 -2 -4 8 -3 -6 -7 11 -8 -12 -13
right_child=2 3 5 -5 6 9 10 -9 -10 -11 12 13 -14 -15
leaf_value=-0.050005246690914468 -0.0023308087343522502 -0.012756468589844902 -0.0046125228377756856 -0.027830604599298803 -0.0011844634580727357 -0.0023308087343522502 -0.00011670963750127253 -0.0046125228377756856 -0.00060562282303352696 -0.0034716657860639679 -0.00060562282303352696 -2.9681068919873517e-06 -0.00011670963750127253 5.1591468073467431e-05
leaf_weight=1.0625190816135717 26.093012589877617 5.366087477832477 41.496806664381438 0.6665773483837264 42.667247370845871 20.30763849045616 140.0773132995273 6.3553015390098144 70.156846692218096 2.4063400489976621 2.5694357284810385 16030.640188662106 505.10204067826271 1976.4968515038345
leaf_count=17507 17805 19683 64792 2558 27925 8108 29045 5103 26494 1401 952 365719 121968 8523
internal_value=-7.21995e-05 -0.00915933 -6.57181e-05 -0.00565596 -4.90946e-05 -0.00461252 -3.81182e-05 -0.00461252 -0.00118446 -0.00233081 -2.67822e-05 -2.16059e-05 -0.000211813 3.02045e-06
internal_weight=18871.5 13.4505 18858 12.388 18793.8 64.2108 18767.7 11.7214 112.824 22.714 18654.9 18147.2 507.671 18007.1
internal_count=717583 44851 672732 27344 598431 74301 580626 24786 54419 9509 526207 403287 122920 374242
is_linear=0
shrinkage=0.05


Tree=149
num_leaves=15
num_cat=0
split_feature=0 0 2 2 1 0 1 2 0 1 2 1 1 1
split_gain=0.407313 1.72661 0.691468 0.249544 0.226148 0.196966 0.153544 0.192347 0.00924808 0.0345983 0.00876661 0.0413347 0.0041822 0.00189086
threshold=-5.6880986482067106 -6.6348888657299527 72.500000000000014 77.500000000000014 -7.6296585936489434 -4.7324137606702967 -7.2271996557495397 72.500000000000014 -4.8924231594306047 -5.3780344542118366 50.500000000000007 -5.3264205746625537 -7.13931908741574 -1.0000000180025095e-35
decision_type=2 2 2 2 2 2 2 2 2 2 2 2 2 2
left_child=1 -1 4 6 -3 -5 -2 8 9 -8 11 -10 -12 -13
right_child=3 2 -4 5 -6 -7 7 -9 10 -11 12 13 -14 -15
leaf_value=-0.050013700555166268 -0.0016830114611662589 -0.014987488789522047 -0.026662892711403454 -0.0033120848676406419 -0.0033120848676406419 -0.0016830114611662589 -0.00044726011161187458 -0.00086461151953602568 -0.00012793953505796347 -0.00023732762712284675 -0.00023732762712284675 -2.8196955677506762e-06 -0.00012793953505796347 4.901220506261699e-05
leaf_weight=2.0959874058571613 33.872495471310685 2.2122575905668809 2.4954155603845711 7.8955000535497666 17.332156974996909 30.243158724624664 41.707344349706545 36.048961863620207 140.06116350973025 50.830762780504301 2.4727195552550247 16030.604382293066 496.41741697513498 1976.5148281976581
leaf_count=19837 21813 7479 32978 22307 16536 19802 20611 19116 29045 13648 914 365719 119255 8523
internal_value=-7.06383e-05 -0.00656184 -0.00331208 -6.23254e-05 -0.00331208 -0.00331208 -5.39381e-05 -4.62116e-05 -2.99087e-05 -0.00044726 -2.73951e-05 -2.17107e-05 -0.000234168 2.86953e-06
internal_weight=18870.8 24.1358 22.0398 18846.7 19.5444 38.1387 18808.5 18774.7 18738.6 92.5381 18646.1 18147.2 498.89 18007.1
internal_count=717583 76830 56993 640753 24015 42109 598644 576831 557715 34259 523456 403287 120169 374242
is_linear=0
shrinkage=0.05


end of trees

feature_importances:
raw=813
rank=732
gap=555

parameters:
[boosting: gbdt]
[objective: binary]
[metric: binary_logloss]
[tree_learner: serial]
[device_type: cpu]
[data_sample_strategy: bagging]
[data: ]
[valid: ]
[num_iterations: 150]
[learning_rate: 0.05]
[num_leaves: 15]
[num_threads: 4]
[seed: 0]
[deterministic: 0]
[force_col_wise: 0]
[force_row_wise: 0]
[histogram_pool_size: -1]
[max_depth: -1]
[min_data_in_leaf: 500]
[min_sum_hessian_in_leaf: 0.001]
[bagging_fraction: 1]
[pos_bagging_fraction: 1]
[neg_bagging_fraction: 1]
[bagging_freq: 0]
[bagging_seed: 3]
[bagging_by_query: 0]
[feature_fraction: 1]
[feature_fraction_bynode: 1]
[feature_fraction_seed: 2]
[extra_trees: 0]
[extra_seed: 6]
[early_stopping_round: 0]
[early_stopping_min_delta: 0]
[first_metric_only: 0]
[max_delta_step: 0]
[lambda_l1: 0]
[lambda_l2: 0]
[linear_lambda: 0]
[min_gain_to_split: 0]
[drop_rate: 0.1]
[max_drop: 50]
[skip_drop: 0.5]
[xgboost_dart_mode: 0]
[uniform_drop: 0]
[drop_seed: 4]
[top_rate: 0.2]
[other_rate: 0.1]
[min_data_per_group: 100]
[max_cat_threshold: 32]
[cat_l2: 10]
[cat_smooth: 10]
[max_cat_to_onehot: 4]
[top_k: 20]
[monotone_constraints: 1,1,-1]
[monotone_constraints_method: basic]
[monotone_penalty: 0]
[feature_contri: ]
[forcedsplits_filename: ]
[refit_decay_rate: 0.9]
[cegb_tradeoff: 1]
[cegb_penalty_split: 0]
[cegb_penalty_feature_lazy: ]
[cegb_penalty_feature_coupled: ]
[path_smooth: 0]
[interaction_constraints: ]
[verbosity: -1]
[saved_feature_importance_type: 0]
[use_quantized_grad: 0]
[num_grad_quant_bins: 4]
[quant_train_renew_leaf: 0]
[stochastic_rounding: 1]
[linear_tree: 0]
[max_bin: 255]
[max_bin_by_feature: ]
[min_data_in_bin: 3]
[bin_construct_sample_cnt: 200000]
[data_random_seed: 1]
[is_enable_sparse: 1]
[enable_bundle: 1]
[use_missing: 1]
[zero_as_missing: 0]
[feature_pre_filter: 1]
[pre_partition: 0]
[two_round: 0]
[header: 0]
[label_column: ]
[weight_column: ]
[group_column: ]
[ignore_column: ]
[categorical_feature: ]
[forcedbins_filename: ]
[precise_float_parser: 0]
[parser_config_file: ]
[objective_seed: 5]
[num_class: 1]
[is_unbalance: 0]
[scale_pos_weight: 1]
[sigmoid: 1]
[boost_from_average: 1]
[reg_sqrt: 0]
[alpha: 0.9]
[fair_c: 1]
[poisson_max_delta_step: 0.7]
[tweedie_variance_power: 1.5]
[lambdarank_truncation_level: 30]
[lambdarank_norm: 1]
[label_gain: ]
[lambdarank_position_bias_regularization: 0]
[eval_at: ]
[multi_error_top_k: 1]
[auc_mu_weights: ]
[num_machines: 1]
[local_listen_port: 12400]
[time_out: 120]
[machine_list_filename: ]
[machines: ]
[gpu_platform_id: -1]
[gpu_device_id: -1]
[gpu_device_id_list: ]
[gpu_use_dp: 0]
[num_gpu: 1]

end of parameters

pandas_categorical:[]
